control,cve_ent,nom_ent,cve_mun,nom_mun,cve_ageb,cve_mza,terrenos,sup_total,cve_concat,shape_leng,shape_area,contclave,aceituno,achiotillo,acote,aguacacima,aguacatill,alamo,algodoncil,amate,baqueta,barranco,bobchiche,campanillo,canelito,cante,caoba,caobilla,caracolill,carbon,cascarillo,cedro,cedroespin,cedron,ceiba,chalum,chumish,cipres,coleto,copal,copalche,corcho,cuaulote,encino,espinanegr,espinonegr,florasilve,fresnogiga,frijolillo,guaciban,guaje,guayabillo,hormiguill,huamuche,hulehevea,jarilarbol,jobillo,laurel,lena,limoncillo,macablanca,madredecac,mangle,marinero,matabuey,melina,nisperozap,ocotillo,oyamel,palmachaca,palocortes,palocedril,palovamari,pinabete,pino,pinolillo,popiste,primavera,roble,saucelloro,teca,tepemezqui,zapotefais,zapotillo,f_total
07108009-7025,7,Chiapas,108,Villaflores,009-7,25,140,445.9879,108_009-7_025,9539.79419594,4446610.33537,108_009-7_025,,,,,,,,,,,,,,,,,,,,1,,,,,,,,,,,,,,,,,,,,,,,,,,,,,,,,,,,,,,,,,,,,,,,,,,,,,1
07071002-3018,7,Chiapas,71,Villa Comaltitlán,002-3,18,56,501.7348,071_002-3_018,9691.01682211,5379479.95414,071_002-3_018,,,,,,,,,,,,,,,,,,,,,,,,,,,,,,,,,,,,,,,,,,,,,,,,,,,,,,,,,,,,,,,,,,1,,,,,,,1
07078011-3008,7,Chiapas,78,San Cristóbal de las Casas,011-3,8,2,1080.348,078_011-3_008,20244.8273702,10761312.7936,078_011-3_008,,,,,,,,,,,,,,,,,,,,,,,,,,,,,,,,,,,,,,,,,,,,,,,,,,,,,,,,,,,,,,,1,,,,,,,,,,1
07028002-2001,7,Chiapas,28,Chiapilla,002-2,1,1144,2332.6384,028_002-2_001,37533.0665468,24413132.1723,028_002-2_001,,,,,,,,1,,,,,,,,,,,,1,,,,,,,,,,,,,,,,,,,,,,,,,,,,,,,,,,,,,,,,,,,,,,,,,,,,,2
07017017-5003,7,Chiapas,17,Cintalapa,017-5,3,139,4607.4206,017_017-5_003,32138.2272684,45914299.7314,017_017-5_003,,,,,,,,,,,,,,,,,,,,,,,,,,,,,,,,,,,,,,,,,,,,,,,,,,,,,,,,3,,,,,,,,,,,,,,,,,3
07047003-2024,7,Chiapas,47,Jitotol,003-2,24,20,26.6125,047_003-2_024,2321.36335615,268167.448921,047_003-2_024,,,,,,,,,,,,,,,,,,,,,,,,,,,,,,,,,,,,,,,,,,,,,,,,,,,,,,,,,,,,,,,5,,,,,,,,,,5
07092016-5003,7,Chiapas,92,Tecpatán,016-5,3,39,649.8918,092_016-5_003,12941.0348847,6485906.27821,092_016-5_003,,,,,,,,,,,,,,,,,,,,1,,,,,,,,,,,,,,,,,,,,,,,,,,,,,,,,,,,,,,,,,,,,,,,,,,,,,1
07108009-7004,7,Chiapas,108,Villaflores,009-7,4,170,824.3238,108_009-7_004,13983.1322024,8204161.28768,108_009-7_004,,,,,,,,,,,,,,,,,,,,26,1,,,,,,,,,,,,,,,,,,,,,,,,,,,,,,,,,,,,,,,,,,,,,,,,,,,,27
07072003-5008,7,Chiapas,72,Pueblo Nuevo Solistahuacán,003-5,8,534,935.6201,072_003-5_008,16031.3067338,9461237.5628,072_003-5_008,,,,,,,,,,,,,,,,,,,,,,,,,,,,,,,,,,,,,,,,,,,,,,,,,,,,,,,,,,,,,,,1,,,,,,,,,,1
07041006-2003,7,Chiapas,41,La Independencia,006-2,3,166,1145.815,041_006-2_003,15131.938836,11398990.5118,041_006-2_003,,,,,,,,,,,,,,,,,,,,,,,,,,,,,,2,,,,,,,,,,,,,,,,,,,,,,,,,,,,,,,,,,,,,,,,,,,2
07107005-1012,7,Chiapas,107,Villa Corzo,005-1,12,6,419.5781,107_005-1_012,9915.33125583,4172894.91459,107_005-1_012,,,,,,,,,,,,,,,,,,,,,,,,,,,,,,,,,,,,,,,,,,,,,,,,,,,,,,,,,,,,,,,1,,,,,,,,,,1
07017024-5005,7,Chiapas,17,Cintalapa,024-5,5,4,469.3781,017_024-5_005,11929.8503027,4676601.48777,017_024-5_005,,,,,,,,,,,,,,,,,,,,,,,,,,,,,,,,,,,,,,,,,,,,,,,,,,,,,,,,,,,,,,,2,,,,,,,,,,2
07013003-4015,7,Chiapas,13,Bochil,003-4,15,113,224.5105,013_003-4_015,6118.60582889,2303951.72654,013_003-4_015,,,,,,,,,,,,,,,,,,,,,,,,,,,,,,,,,,,,,,,,,,,,,,,,,,,,,,,,1,,,,,,,,,,,,,,,,,1
07044002-6008,7,Chiapas,44,Ixtapa,002-6,8,1120,993.6627,044_002-6_008,17173.1296296,10047790.4576,044_002-6_008,,,,,,,,,,,,,,,,,,49,,,,,,,,,,,,,,,,,,,,,,,,,,,,,,,,,,,,,,,,,,,,,,,,,,,,,,,49
07046011-A017,7,Chiapas,46,Jiquipilas,011-A,17,186,713.3445,046_011-A_017,12717.920409,7219120.8426,046_011-A_017,,,,,,,,,,,,,,,,,,,,,,,,,,,,,,,,,,,,,,,,,,,,,,,,,,,,,,,,,,,,,,,7,,,,,,,,,,7
07020012-8003,7,Chiapas,20,La Concordia,012-8,3,2,338.9148,020_012-8_003,10458.4315033,3366234.67504,020_012-8_003,,,,,,,,,,,,,,,,,,,,,,,,,,,,,,,,,,,,,,,,,,,,,,,,,,,,,,,,,,,,,,,2,,,,,,,,,,2
07057003-9015,7,Chiapas,57,Motozintla,003-9,15,22,257.0766,057_003-9_015,11197.8300479,2546235.4361,057_003-9_015,,,,,,,,,,,,,,,,,,,,,,,,,,,,,,,,,,,,,,,,,,,,,,,1,,,,,,,,,,,,,,,,,,,,,,,,,,1
07065030-8012,7,Chiapas,65,Palenque,030-8,12,38,639.53,065_030-8_012,11800.0788189,6612212.38173,065_030-8_012,,,,,,,,,,,,,,,1,,,,,2,,,,,,,,,,,,,,,,,,,,,,,2,,,,,,,,,,,,,,,,,,,,,,,,,,,,,,5
07061004-6015,7,Chiapas,61,Ocozocoautla de Espinosa,004-6,15,457,1785.1394,061_004-6_015,28586.8048236,18471360.48,061_004-6_015,,,,,,,,,,,,,,,,,,,,,,,,,,,,,,,,,,,,,,,,,,,,,,,,,,,,,,,,,,,,,,,,,,4,,,,,,,4
07017011-8017,7,Chiapas,17,Cintalapa,011-8,17,92,862.7448,017_011-8_017,21382.124544,8720808.63538,017_011-8_017,,,,,,,,,,,,,,,,,,,,,,,,,,,,,,,,,,,,,,,,,,,,,1,,,,,,,,,,,,,,,,,,,,,,,,,,,,1
07017010-3009,7,Chiapas,17,Cintalapa,010-3,9,54,275.0627,017_010-3_009,7462.47079505,2826170.86683,017_010-3_009,,,,,,,,,,,,,,,,,,,,,,,,,,,,,,,,,,,,,,,,,,,,,,,,1,,,,,,,,,,,,,,,,,,,,,,,,,1
07003006-1014,7,Chiapas,3,Acapetahua,006-1,14,11,766.268,003_006-1_014,14006.6457707,7581836.05882,003_006-1_014,,,,,,,,,,,,,,,,,,,,1,,,,,,,,,,,,,,,,,,,,,,,,,,,,,,,,,,,,,,,,,,,,,,,,,,,,,1
07030007-3004,7,Chiapas,30,Chicomuselo,007-3,4,15,61.1708,030_007-3_004,4603.28632556,606969.76699,030_007-3_004,,,,,,,,,,,,,,,,,,,,,,,,,,,,,,,,,,,,,,,,,,,,,,,,,,,,,,,,,,,,,,,1,,,,,,,,,,1
07067002-0002,7,Chiapas,67,Pantepec,002-0,2,15,183.1391,067_002-0_002,5737.49078439,1827754.69988,067_002-0_002,,,,,,,,,,,,,,,,,,,,,,,,,,,,,,,,,,,,,,,,,,,,,,,,,,,,,,,,,,,,,,,1,,,,,,,,,,1
07034005-3015,7,Chiapas,34,Frontera Comalapa,005-3,15,51,77.6159,034_005-3_015,4188.71664195,779225.734162,034_005-3_015,,,,,,,,,,,,,,,,,,,,1,,,,,,,,,,,,,,8,,,,,,,,,,,,,,,,,,,,,,,,,,,,,,,,,,,,,,,9
07108013-3007,7,Chiapas,108,Villaflores,013-3,7,35,299.0243,108_013-3_007,7575.239466,2989469.29287,108_013-3_007,,,,,,,,,,,,,,,,,,,,4,,,,,,,,,,,,,,,,,,,,,,,,,,,,,,,,,,,,,,,,,,,,,,,,,,,,,4
07032004-4006,7,Chiapas,32,Escuintla,004-4,6,201,1166.3404,032_004-4_006,20231.6131912,12055066.0275,032_004-4_006,,,,,,,,,,,,,,,,,,,,,,,,,,,,,,,,,,,,,,,,,,,,,,,,,,,,,,,,,,,,,,,,,,2,,,,,,,2
07107013-6017,7,Chiapas,107,Villa Corzo,013-6,17,78,202.8936,107_013-6_017,8330.71232983,2091451.88575,107_013-6_017,,,,,,,,,,,,,,,,,,,,,,,,,,,,,,,,,,,,,,,,,,,,,,,,,,,,,,,,,,,,,,,3,,,,,,,,,,3
07046010-5001,7,Chiapas,46,Jiquipilas,010-5,1,558,2242.4198,046_010-5_001,28040.6279095,24169296.6528,046_010-5_001,,,,,,,,,,,,,,,,,,,,1,,,,,,,,,,,1,,,,,,,,,,,,,,,,,,,,,,,,,,,,,,,,,,,,,,,,,,2
07046015-8006,7,Chiapas,46,Jiquipilas,015-8,6,437,2509.4871,046_015-8_006,34988.821638,25601914.2318,046_015-8_006,,,,,,,,,,,,,,,,,,,,,,,,,,,,,,,,,,,,,,,,,,,,,,,,,,,,,,,,,,,,,,,1,,,,,,,,,,1
07108022-2010,7,Chiapas,108,Villaflores,022-2,10,112,1078.5614,108_022-2_010,22396.7229408,10817112.7216,108_022-2_010,,,,,,,,,,,,,,,,,,,,,,,,,,,,,,,,,,,,,,,,,,,,,,,,,,,,,,,,,,,,,,,3,,,,,,,,,,3
07072004-A013,7,Chiapas,72,Pueblo Nuevo Solistahuacán,004-A,13,850,563.3353,072_004-A_013,18505.8727348,6008092.5622,072_004-A_013,,,,,,,,,,,,,,,,,,,,,,,,,,,,,,,,,,,,,,,,,,,,,,,,,,,,,,,,,,,,,,,2,,,,,,,,,,2
07116005-0003,7,Chiapas,116,Marqués de Comillas,005-0,3,230,6643.5596,116_005-0_003,43339.7143924,66860507.6909,116_005-0_003,,,,,,,,,,,,,,,,,,,,,,,,,,,,,,,,,,,,,,1,,,,,,,,,,,,,,,,,,,,,,,,,,,,,,,,,,,1
07020016-6008,7,Chiapas,20,La Concordia,016-6,8,185,1959.131,020_016-6_008,34140.4388625,19999057.228,020_016-6_008,,,,,,,,,,,,,,,,,,,,,,,,,,,,,,,,,,,,,,,,,,,,,,,,,,,,,,,,,,,,,,,4,,,,,,,,,,4
07061013-5001,7,Chiapas,61,Ocozocoautla de Espinosa,013-5,1,768,1673.0185,061_013-5_001,28461.6066637,17306729.8743,061_013-5_001,,,,,,,,1,,,,,,,,,,,,12,,,,,,,,,,,,,,,,,,,,,,,,,,,,,,,,,,,,,,,,,,,,,,,1,,,,,,14
07099011-3005,7,Chiapas,99,La Trinitaria,011-3,5,243,105.101,099_011-3_005,5387.16144544,1267571.11393,099_011-3_005,,,,,,,,,,,,,,,1,,,,,,,,,,,,,,,,,,,,,,,,,,,,,,,,,,,,,,,,,,,,,,,,,,,,,,,,,,1
07116005-0007,7,Chiapas,116,Marqués de Comillas,005-0,7,102,3416.0088,116_005-0_007,27521.0329333,34678912.9896,116_005-0_007,,,,,,,,,,,,,,,,,,,,,,,,,,,,,,,,,,,,,,1,,,,,,,,,,,,,,,,,,,,,,,,,,,1,,,,,,,,2
07020003-9013,7,Chiapas,20,La Concordia,003-9,13,57,771.6213,020_003-9_013,26699.363091,7668583.57771,020_003-9_013,,,,,,,,,,,,,,,,,,,,,,,,,,,,,,,,,,,,1,,,,,,,,,,,,,,,,,,,,,,,,,,,,,,,,,,,,,1
07017021-1007,7,Chiapas,17,Cintalapa,021-1,7,143,1063.6212,017_021-1_007,19743.1947202,10885281.5469,017_021-1_007,,,,,,,,,,,,,,,,,,,,,,,,,,,,,1,,,,,,,,,,,,,,,,,,,,,,,,,,,,,,,,,,,,,,,,,,,,1
07046015-8002,7,Chiapas,46,Jiquipilas,015-8,2,2,235.258,046_015-8_002,8996.374383,2340989.00662,046_015-8_002,,,,,,,,,,,,,,,,,,,,,,,,,,,,,,,,,,,,,,,,,,,,,,,,,,,,,,,,,,,,,,,1,,,,,,,,,,1
07041002-4006,7,Chiapas,41,La Independencia,002-4,6,180,1141.578,041_002-4_006,16927.3951603,11258160.8366,041_002-4_006,,,,,,,,,,,,,,,,,,,,,,,,,,,,,,,,1,,,,,,,,,,,,,,,,,,,,,,,,,,,,,,,,,,,,,,,,,1
07014001-2015,7,Chiapas,14,El Bosque,001-2,15,497,239.6189,014_001-2_015,7358.53625242,2501848.25971,014_001-2_015,,,,,,,,,,,,,,,,,,,,,,,,,,,,,,,,,,,,,,,,,,,,,,,3,,,,,,,,,,,,,,,,,,,,,,,,,,3
07037004-0022,7,Chiapas,37,Huehuetán,004-0,22,70,108.9862,037_004-0_022,4645.3329299,1212897.54607,037_004-0_022,,,,,,,,,,,,,,,,,,,,,,,,,,,,,,,,,,,,,,,,,,,,,,,,,,,,,,,,,,,,,,,,,,,2,,,,,,2
07013003-4004,7,Chiapas,13,Bochil,003-4,4,113,436.6964,013_003-4_004,8899.56485733,4854404.81619,013_003-4_004,,,,,,,,,,,,,,,,,,,,,,,,,,,,,,,,,,,,,,,,,,,,,,,,,,,,,,,,1,,,,,,,,,,,,,,,,,1
07102002-1006,7,Chiapas,102,Tuxtla Chico,002-1,6,249,762.4704,102_002-1_006,15024.4193478,7670054.8538,102_002-1_006,,,,,,,,,,,,,,,1,,,,,,,,,,,,,,,,,,,,,,,,,,,,,,,,,,,,,,,,,,,,,,,,,,,,,,,,,,1
07017017-5011,7,Chiapas,17,Cintalapa,017-5,11,40,433.624,017_017-5_011,8880.56887958,4364704.25289,017_017-5_011,,,,,,,,,,,,,,,,,,,,,,,,,,,,,,,,,,,,,,,,,,,,,,,,,,,,,,,,1,,,,,,,,,,,,,,,,,1
07020007-7019,7,Chiapas,20,La Concordia,007-7,19,24,557.1072,020_007-7_019,9636.18778736,5533904.29613,020_007-7_019,,,,,,,,,,,,,,,,,,,,,,,,,,,,,,,,,,,,,,,,,,,,,,,,,,,,,,,,,,,,,,,8,,,,,,,,,,8
07099010-9025,7,Chiapas,99,La Trinitaria,010-9,25,31,93.2481,099_010-9_025,4193.72673193,1001146.2728,099_010-9_025,,,,,,,,,,,,,,,,,,,,,,,,,,,,,,,,,,,,1,,,,,,,,,,,,,,,,,,,,,,,,,,,,,,,,,,,,,1
07040006-5003,7,Chiapas,40,Huixtla,006-5,3,410,438.542,040_006-5_003,13004.8798211,6136828.9053,040_006-5_003,,,,,,,,,,,,,,,,,,,,1,,,,,,,,,,,,,,,,,,,,,,,,,,,,,,,,,,,,,,,,,,,,,,,,,,,,,1
07052037-1005,7,Chiapas,52,Las Margaritas,037-1,5,345,1595.7675,052_037-1_005,18306.0700393,16240999.4579,052_037-1_005,,,,,,,,,,,,,,,,,,,,,,,,,,,,,,,,,,,,,,,,,3,,,,,,,,,,,,,,,,,,,,,,,,,,,,,,,,3
07017016-0008,7,Chiapas,17,Cintalapa,016-0,8,51,936.2893,017_016-0_008,15522.6456074,9329371.69217,017_016-0_008,,,,,,,,,,,,,,,,,,,,,,,,,,,,,,,,,,,,,,,,,,,,,,,,,,,,,,,,,,,,,,,1,,,,,,,,,,1
07047003-2003,7,Chiapas,47,Jitotol,003-2,3,43,294.2662,047_003-2_003,7172.62143785,2935882.96909,047_003-2_003,,,,,,,,,,,,,,,,,,,,,,,,,,,,,,,,,,,,,,,,,,,,,,,,,,,,,,,,,,,,,,,12,,,,,,,,,,12
07099017-0004,7,Chiapas,99,La Trinitaria,017-0,4,19,20.487,099_017-0_004,2240.16942198,203577.415689,099_017-0_004,,,,,,,,,,,,,,,,,,,,,,,,,,,,,,,,,,,,,,,,,,,,,,,,,,,,,,,,,,,,,,,2,,,,,,,,,,2
07030010-5001,7,Chiapas,30,Chicomuselo,010-5,1,59,376.8312,030_010-5_001,8814.49594134,3884384.26027,030_010-5_001,,,,,,,,,,,,,,,,,,,,,,,,,,,,,,,,,,1,,,,,,,,,,,,,,,,,,,,,,,,,,,,,,,,,,,,,,,1
07025002-0006,7,Chiapas,25,Chapultenango,002-0,6,334,805.1277,025_002-0_006,14356.9539418,8669973.5152,025_002-0_006,,,,,,,,,,,,,,,,,,,,1,,,,,,,,,,,,,,,,,,,,,,,,,,,,,,,,,,,,,,,,,,,,,,,,,,,,,1
07115002-A007,7,Chiapas,115,Maravilla Tenejapa,002-A,7,501,992.2225,115_002-A_007,14389.885989,10808635.7674,115_002-A_007,,,,,,,4,,,,,,,41,4,,,,,2,,,,,,,,,,2,,,,,,,,,,,3,,,,,,,,,9,,,,,,,,,,,,,,,,,,,,,,3,68
07017011-8010,7,Chiapas,17,Cintalapa,011-8,10,267,1472.8435,017_011-8_010,40951.6881372,14916157.9002,017_011-8_010,,,,,,,,,,,,,,,,,,,,10,,,,,,,,,,,,,,,,,,,,,,,,,,,,,,,,,,,,,,,,,,,,,,,,,,,,,10
07061013-5003,7,Chiapas,61,Ocozocoautla de Espinosa,013-5,3,128,470.7634,061_013-5_003,12420.2451028,4692354.4937,061_013-5_003,,,,,,,,,,,,,,,,,,,,1,,,,,,,,,,,,,,,,,,,,,,,,,,,,,,,,,,,,,,,,,,,,,,,,,,,,,1
07108021-8016,7,Chiapas,108,Villaflores,021-8,16,117,440.2593,108_021-8_016,11235.8779307,4379116.65686,108_021-8_016,,,,,,,,,,,,,,,,,,,,,,,,,,,,,,,,,,,,,,,,,,,,,,,,,,,,,,,,,,,,,,,117,,,,,,,,,,117
07103002-9026,7,Chiapas,103,Tuzantán,002-9,26,166,111.4088,103_002-9_026,4850.28914734,1157162.27159,103_002-9_026,,,,,,,,,,,,,,,,,,,,1,,,,,,,,,,,,,,,,,,,,,,,,,,,,,,,,,,,,,,,,,,,,,,,,,,,,,1
07046011-A001,7,Chiapas,46,Jiquipilas,011-A,1,466,2243.0743,046_011-A_001,26956.0125316,23351526.117,046_011-A_001,,,,,,,,,,,,,,,1,,,,,,,,,,,,,,,,,,,,,,,,,,,,,,,,,,,,,,,,,,,,,,,,,,,,,,,,,,1
07075005-6009,7,Chiapas,75,Las Rosas,005-6,9,36,1115.879,075_005-6_009,31441.7958076,11102688.0977,075_005-6_009,,,,,,,,,,,,,,,,,,,,,,,,,,2,,,,,,,,,,,,,,,,,,,,,,,,,,,,,,,,,,,,,1,,,,5,,,,,,8
07116011-6001,7,Chiapas,116,Marqués de Comillas,011-6,1,205,2643.7354,116_011-6_001,37557.6101503,26660995.6539,116_011-6_001,,,,,,,,,,,,,,,4,1,,,,10,,,10,,,,,,,,,,,,,,,,,,,,,,,,,,,,,,,,,,,,,17,,,,13,,,,,,,,,55
07079006-A024,7,Chiapas,79,San Fernando,006-A,24,175,533.0883,079_006-A_024,12439.0176254,5656012.15049,079_006-A_024,,,,,,,,,,,,,,,,,,,,2,,,,,,,,,,,,,,,,,,,,,,,,,,,,,,,,,,,,,,,,,,,,,,,,,,,,,2
07092013-1005,7,Chiapas,92,Tecpatán,013-1,5,137,2291.7504,092_013-1_005,37476.1966811,23546291.6595,092_013-1_005,,,,,,,,,,,,,,,,,,,,,,,,,,,,,,,,,,,,,,,,,,,,,,,,,,,,,,,,,,,,,,,,,,1,,,,,,,1
07046015-8018,7,Chiapas,46,Jiquipilas,015-8,18,31,143.0326,046_015-8_018,5072.10695067,1423057.33536,046_015-8_018,,,1,,,,,,,,,,,,,,,,,,,,,,,,,,,,,,,,,,,,,,,,,,,,,,,,,,,,,1,,,,,,,,,,,,,,,,,2
07030010-5003,7,Chiapas,30,Chicomuselo,010-5,3,321,1556.5959,030_010-5_003,30618.3578891,16649258.0758,030_010-5_003,,,,,,,,,,,,,,,,,,,,2,,,,,,,,,,,,,,3,,,,,,,,,,,,,,,,,,,,,,,,,,,,,,,,,,,,,,,5
07052010-2001,7,Chiapas,52,Las Margaritas,010-2,1,49,2063.8496,052_010-2_001,20796.3360503,20549209.8517,052_010-2_001,,,,,,,,,,,,,,,,,,,,,,,,,,,,,,,,,,,,,,,,,,,,,,,,,,,,,,,,,,,,,,,1,,,,,,,,,,1
07046005-4001,7,Chiapas,46,Jiquipilas,005-4,1,937,1709.7664,046_005-4_001,19262.5873815,17393591.7039,046_005-4_001,,,,,,,,,,,,,,,14,,,,,11,,,,,,,,,,,,,,,,,1,,,,,,,26,,,,,,,,,,,,,,,,,,,1,,,,,,,,,,53
07108019-0010,7,Chiapas,108,Villaflores,019-0,10,130,364.3647,108_019-0_010,10331.9062373,4005845.7096,108_019-0_010,,,,,,,,,,,,,,,,,,,,,,,,,,,,,,,,,,,,,,,,,,,,,,,,,,,,,,,,,,,,,,,,,,,,1,,,,,1
07107019-3010,7,Chiapas,107,Villa Corzo,019-3,10,181,1789.7302,107_019-3_010,33894.7271999,17876949.4795,107_019-3_010,,,,,,,,,,,,,,,,,,,,,,,,,,,,,,,,,,,,,,,,,,,,,,,,,,,,,,,,,,,,,,,,,,,1,,,,,,1
07107007-0013,7,Chiapas,107,Villa Corzo,007-0,13,42,279.639,107_007-0_013,8862.36950354,2856553.81025,107_007-0_013,,,,,,,,,,,,,,,,,,,,1,,,,,,,,,,,,,,,,,,,,,,,,,,,,,,,,,,,,,,,,,,,1,,,,,,,,,,2
07017052-7002,7,Chiapas,17,Cintalapa,052-7,2,104,4222.582,017_052-7_002,31984.6355291,42102131.912,017_052-7_002,,,,,,,,,,,,,,,,,,,,,,,,,,,,,,,,,,,,,,,,,,,,,,,,,,,,,,,,,,,,,,,104,,,,,,,,,,104
07075005-6003,7,Chiapas,75,Las Rosas,005-6,3,31,574.634,075_005-6_003,14550.2547907,5718396.10582,075_005-6_003,,,,,,,,,,,,,,,,,,,,,,,,,,,,,,,,,,,,,,,,,,,,,,,,,,,,,,,,,,,,,,,4,,,,,,,,,,4
07104002-6003,7,Chiapas,104,Tzimol,002-6,3,1553,3763.6642,104_002-6_003,29735.1589429,39246501.5148,104_002-6_003,,,,,,,,,,,,,,,,,,,,,,,,,,,,,,,,28,,,,,,,,,,,,,,,,,,,,,,,,,,,,,,,,,,,,,,,,,28
07061012-0016,7,Chiapas,61,Ocozocoautla de Espinosa,012-0,16,3,977.0519,061_012-0_016,15851.236998,9739215.2586,061_012-0_016,,,,,,,,,,,,,,,,,,,,1,,,,,,,,,,,,,,,,,,,,,,,,,,,,,,,,,,,,,,,,,,,,,,,,,,,,,1
07046008-8005,7,Chiapas,46,Jiquipilas,008-8,5,77,1372.1473,046_008-8_005,19756.0678327,13661831.2801,046_008-8_005,,,,,,,,,,,,,,,,,,,,1,,,,,,,,,,,,,,,,,,,,,,,,,,,,,,,,,,,,,,,,,,,,,,,,,,,,,1
07031010-2006,7,Chiapas,31,Chilón,010-2,6,733,1041.2291,031_010-2_006,26371.749364,10846975.5664,031_010-2_006,,,,,,,,,,,,,,,,,,,,,,,,,,,,,,,,,,,,,,,,,,,,,,,,,,,,,,,,,,,,,,,2,,,,,,,,,,2
07083008-1009,7,Chiapas,83,Socoltenango,008-1,9,206,566.9727,083_008-1_009,14518.7406689,5722347.74667,083_008-1_009,,,,,,,,,,,,,1,,6,,,,,,,,,,,,,1,,,,,,,,,,,,,,,,,,,,,,,,,1,,,,,,,,,,,,,,,,,,,,9
07046015-8001,7,Chiapas,46,Jiquipilas,015-8,1,107,1686.5328,046_015-8_001,24320.207443,16837156.9357,046_015-8_001,,,,,,,,,,,,,,,,,,,,,,,,,,,,,,,,,,,,,,,,,,,,,,,,,,,,,,,,,,,,,,,2,,,,,,,,,,2
07065008-3001,7,Chiapas,65,Palenque,008-3,1,10,2807.0623,065_008-3_001,30897.2237304,28071340.6756,065_008-3_001,,,,,,,,,,,,,,,,,,,,,,,,,,,,,,,,,,,,,,,,,,,,,,,,,,,,,,,,,,,,,,,,,,,,,3,,,,3
07061020-5019,7,Chiapas,61,Ocozocoautla de Espinosa,020-5,19,18,269.5478,061_020-5_019,8018.51631834,2682383.49591,061_020-5_019,,,,,,,,,,,,,,,,,,,,5,,,,,,,,,,,,,,,,,,,,,,,,,,,,,,,,,,,,,,,,,,,,,,,,,,,,,5
07080006-0004,7,Chiapas,80,Siltepec,006-0,4,170,941.842,080_006-0_004,15012.9444475,9332772.54978,080_006-0_004,,,,,,,,,,,,,,,,,,,,,,,,,,,,,,,,,,,,,,,,,,,,,,,,,,,,,,,,,,,,,,,1,,,,,,,,,,1
07089029-7021,7,Chiapas,89,Tapachula,029-7,21,19,138.093,089_029-7_021,8280.73292272,1876912.85147,089_029-7_021,,,,,,,,,,,,,,,,,,,,1,,,,,,,,,,,,,,,,,,,,,,,,,,,,,,,,,,,,,,,,,,,,,,,,,,,,,1
07034005-3007,7,Chiapas,34,Frontera Comalapa,005-3,7,643,2209.9669,034_005-3_007,26178.8396501,22605899.0335,034_005-3_007,,,,,,1,21,2,,,,,,,,,,,,35,,,,,,,,,,,,,,,,,,,,1,,1,,,,,,,,,,,,,,,,,,,,,,,,,,,,,,,61
07107006-6001,7,Chiapas,107,Villa Corzo,006-6,1,1936,10965.308,107_006-6_001,77078.1188605,110604295.076,107_006-6_001,,,,,,,,,,,,,,,,,,,,6,,,,,,,,,1,,,,,,,,,,1,,,,,,,,,,,,,,,,,,,,,,,,,,,,,,,,,,8
07107027-8010,7,Chiapas,107,Villa Corzo,027-8,10,46,195.6419,107_027-8_010,6362.38888925,2035625.86592,107_027-8_010,,,,,,,,,,,,,,,,,,,,,,,,,,,,,,,,,,,,,,,,,,,,,,,,,,,,,,,,,,,,,,,1,,,,,,,,,,1
07094003-2019,7,Chiapas,94,Teopisca,003-2,19,21,36.7311,094_003-2_019,3475.56032769,365736.970948,094_003-2_019,,,,,,,,,,,,,,,,,,,,,,,,,,,,,,,,,,1,,,,,,,,,,,,,,,,,,,,,,,,,,,,,4,,,,,,,,,,5
07046010-5008,7,Chiapas,46,Jiquipilas,010-5,8,575,2436.945,046_010-5_008,22473.8788468,25885034.9951,046_010-5_008,,,,1,,,,,,,,,,,,,,,,,,,,,,,,,,,,,,,,,,,,,,,,,,,,,,,,,,,,,,,,,,,,,,1,,,,,,,2
07094004-7007,7,Chiapas,94,Teopisca,004-7,7,700,171.0286,094_004-7_007,6188.05758682,1727443.57347,094_004-7_007,,,,,,,,,,,,,,,,,,,,,,,,,,,,,,,,1,,,,,,,,,,,,,,,,,,,,,,,,,,,,,,,,,,,,,,,,,1
07090001-4005,7,Chiapas,90,Tapalapa,001-4,5,34,172.3265,090_001-4_005,5315.92978065,1719749.40206,090_001-4_005,,,,,,,,,,,,,,,,,,,,,,,,,,,,,,,,,,,,,,,,,,,,,,,,,,,,,,,,1,,,,,,,,,,,,,,,,,1
07017029-8012,7,Chiapas,17,Cintalapa,029-8,12,10,509.6725,017_029-8_012,12715.1555957,5072355.45098,017_029-8_012,,,,,,,,,,,,,,,,,,,,,,,,,,,,,,,,,,,,,,,,,,,,,,,,,,,,,,,,,,,,,,,2,,,,,,,,,,2
07116004-6001,7,Chiapas,116,Marqués de Comillas,004-6,1,315,9070.8535,116_004-6_001,62545.3947095,91818192.5603,116_004-6_001,,,,,,,,,,,,,,,2,,,,,,,,,,,,,,,,,,,,,,,8,,,,,,,,,,,,,,,,,,,,,,,,,,,,,,,,,,,10
07107005-1003,7,Chiapas,107,Villa Corzo,005-1,3,511,5193.1214,107_005-1_003,44910.5289111,52283074.5296,107_005-1_003,,,,,,,,,,,,,,,,,,,,3,,,,,,,,,,,,,,,,,,,2,,,,,,,,,,,,,,,,,,,,,,,,,,,,,,,,,,5
07059015-6005,7,Chiapas,59,Ocosingo,015-6,5,270,987.1102,059_015-6_005,19082.4249788,10334659.7638,059_015-6_005,,,,,,,,,,,,,,,,,,,,1,,,,,,,,,,,,,,,,,,,,,,,,,,,,,,,,,,,,,,,,,,,,,,,,,,,,,1
07077004-6002,7,Chiapas,77,Salto de Agua,004-6,2,819,2417.7922,077_004-6_002,23013.8263011,24803325.8227,077_004-6_002,,,,,,,,,,,,,,,,,,,,1,,,,,,,,,,,,,,,,,,,,,,,,,,,,,,,,,,,,,,,,,,,,,,,,,,,,,1
07017016-0003,7,Chiapas,17,Cintalapa,016-0,3,4,1492.0475,017_016-0_003,21132.5044735,14868918.8991,017_016-0_003,,,,,,,,,,,,,,,,,,,,,,,,,,,,,,,,,,,,,,,,,,,,,,,,,,,,,,,,,,,,,,,3,,,,,,,,,,3
07030008-8006,7,Chiapas,30,Chicomuselo,008-8,6,378,600.6809,030_008-8_006,11971.2880861,6294500.29308,030_008-8_006,,,,,,,1,,,,,1,,,,,,,,2,,,,,,,,,,,,,,,,,,,,,,,,,,,,,,,,,,,,,,,,,,,,,,,,,,,,,4
07012004-1006,7,Chiapas,12,Berriozábal,004-1,6,34,115.9247,012_004-1_006,4589.89441403,1155754.30161,012_004-1_006,,,,,,,,,,,,,,,,,,,,1,,,,,,,,,,,,,,,,,,,,,,,,,,,,,,,,,,,,,,,,,,,,,,,,,,,,,1
07044003-0005,7,Chiapas,44,Ixtapa,003-0,5,8,107.9917,044_003-0_005,7324.96307809,1076161.09139,044_003-0_005,,,1,,,,,,,,,,,,,,,,,,,,,,,,,,,,,,,,,,,,,,,,,,,,,,,,,,,,,,,,,,,,,,,,,,,,,,1
07027006-3006,7,Chiapas,27,Chiapa de Corzo,006-3,6,3,192.2771,027_006-3_006,6180.4126188,1915418.02993,027_006-3_006,,,,,,,,,,,,,,,,,,,,1,,,,,,,,,,,,,,,,,,,,,,,,,,,,,,,,,,,,,,,,,,,,,,,,,,,,,1
07101039-7010,7,Chiapas,101,Tuxtla Gutiérrez,039-7,10,149,327.14,101_039-7_010,10287.7736176,3415839.75048,101_039-7_010,,,,,,,,,,,,,,,,,,,,,,,,,,,,,,,,,,,,,,,1,,,,,,,,,,,,,,,,,,,,,,,,,,,,,,,,,,1
07017024-5040,7,Chiapas,17,Cintalapa,024-5,40,40,261.7581,017_024-5_040,7340.79107364,2606047.76424,017_024-5_040,,,,,,,,,,,,,,,,,,,,5,,,,,,,,,,,,,,,,,,,,,,,,,,,,,,,,,,,,,,,,,,,,,,,,,,,,,5
07004011-A004,7,Chiapas,4,Altamirano,011-A,4,655,2025.0631,004_011-A_004,29049.3872363,20532132.914,004_011-A_004,,,,,,,,,,,,,,,,,,,,,,,,,,,,,,,,,,,,,,,,,,,,,,,,,,,,,,,,,,,,,,,6,,,,,,,,,,6
07017017-5010,7,Chiapas,17,Cintalapa,017-5,10,61,384.1609,017_017-5_010,8090.85073273,3834269.1546,017_017-5_010,,,,,,,,,,,,,,,,,,,,2,,,,,,,,,,,,,,,,,,,,,,,,,,,,,,,,,,,,,,,,,,,,,,,,,,,,,2
07047002-8009,7,Chiapas,47,Jitotol,002-8,9,40,99.92,047_002-8_009,4702.1338667,996975.295067,047_002-8_009,,,,,,,,,,,,,,,,,,,,,,,,,,,,,,,,,,,,,,,,,,,,,,,,,,,,,,,,,,,,,,,40,,,,,,,,,,40
07043002-9010,7,Chiapas,43,Ixtacomitán,002-9,10,92,336.1064,043_002-9_010,9345.74297168,3493595.14478,043_002-9_010,,,,,,,,,,,,,,,,,,,,2,,,,,,,,,,,,,,,,,,,,,,,,,,,,,,,,,,,,,,,,,,,,,,,,,,,,,2
07017015-6001,7,Chiapas,17,Cintalapa,015-6,1,5,2365.1876,017_015-6_001,24993.9087819,23573438.2493,017_015-6_001,,,,,,,,,,,,,,,,,,,,,,,,,,,,,,,,,,,,,,,,,,,,,,,,,,,,,,,,,,,,,,,1,,,,,,,,,,1
07020006-2010,7,Chiapas,20,La Concordia,006-2,10,473,2942.3389,020_006-2_010,43947.180429,32392718.4789,020_006-2_010,,,,,,,,,,,,,,,,,,,,,,,,,,,,,,,,,,,,,,,,,,,,,,,,,,,,,,,,,,,,,,,1,,,,,,,,,,1
07086004-5008,7,Chiapas,86,Suchiapa,004-5,8,82,606.9183,086_004-5_008,10592.0013048,6050921.64614,086_004-5_008,,,,,,,,,,,,,,,,,,,,,,,,,,,,,,,,,,,,,,,,,2,,,,,,,,,,,,,,,,,,,,,,,,,,,,,,,,2
07099012-8015,7,Chiapas,99,La Trinitaria,012-8,15,25,262.1238,099_012-8_015,10799.5038795,2605443.28608,099_012-8_015,,,,,,,,,,,,,,,,,,,,,,,,,,,,,,,,,,,,,,,,,,,,,,,,,,,,,,,,,,,,,,,2,,,,,,,,,,2
07052016-A004,7,Chiapas,52,Las Margaritas,016-A,4,27,222.9255,052_016-A_004,6215.92077624,2218432.90598,052_016-A_004,,,,,,,,,,,,,,,,,,,,,,,,,,,,,,,,,,,,,,,,,,,,,,,,,,,,,,,,,,,,,,,23,,,,,,,,,,23
07034005-3019,7,Chiapas,34,Frontera Comalapa,005-3,19,166,261.2179,034_005-3_019,8775.33140172,2616117.92232,034_005-3_019,,,,,,,,,,,,,,,,,,,,1,,,,,,,,,,,,,,1,,,,,,,,,,,,,,,,,,,,,,,,,,,,,,,,,,,,,,,2
07116005-0004,7,Chiapas,116,Marqués de Comillas,005-0,4,174,2222.0386,116_005-0_004,19497.2666329,22522398.7828,116_005-0_004,2,,,,,,,,,,,,,,28,,,,,,,,,,,,,,,,,,,,,,,15,,,,,,,,,,,,,,,,,,,,,,,,,,,4,,,,,,,,49
07065011-5004,7,Chiapas,65,Palenque,011-5,4,2,758.0827,065_011-5_004,15887.0359511,7578765.39638,065_011-5_004,,,,,,,,,,,,,,,,,,,,,,,,,,,,,,,,,,,,,,,,,,,1,,,,,,,,,,,,,,,,,,,,,,,,,,,,,,1
07080005-6002,7,Chiapas,80,Siltepec,005-6,2,431,5408.7914,080_005-6_002,34970.241187,53602102.2556,080_005-6_002,,,,,,,,,,,,,,,,,,,,,,,,,,,,,,,,,,,,,,,,,,,,,,,,,,,,,,,,,,,,,,,1,,,,,,,,,,1
07108013-3003,7,Chiapas,108,Villaflores,013-3,3,77,1437.7804,108_013-3_003,22038.1299291,14306347.1065,108_013-3_003,,,,,,,,,,,,,,,,,,,,1,,,,,,,,,,,,,,,,,,,,,,,,,,,,,,,,,,,,,,,,,,,,,,,,,,,,,1
07019017-A013,7,Chiapas,19,Comitán de Domínguez,017-A,13,113,942.5134,019_017-A_013,15690.6322221,9370640.80203,019_017-A_013,,,,,,,,,,,,,,,,,,,,,,,,,,,,,,,,,,,,,,,,,,,,,,,,,,,,,,,,,,,,,,,1,,,,,,,,,,1
07046014-3001,7,Chiapas,46,Jiquipilas,014-3,1,575,5204.6666,046_014-3_001,55449.152672,53172439.3936,046_014-3_001,,,,2,,,,,,,,,,,,,,,,,,,,,,,,,,,,,,,,,,,,,,,,,,,,,,,,,,,,,,,,,,,1,,,,,,,,,,3
07026002-8005,7,Chiapas,26,Chenalhó,002-8,5,341,745.6994,026_002-8_005,13195.6912103,7563347.2221,026_002-8_005,,,,,,,,,,,,,,,,,,,,,,,,,,,,,,,,,,,,,,,,,,,,,,,1,,,,,,,,,,,,,,,,,,,,,,,,,,1
07017029-8021,7,Chiapas,17,Cintalapa,029-8,21,25,243.3289,017_029-8_021,8613.09450601,2421526.48518,017_029-8_021,,,,,,,,,,,,,,,,,,,,,,,,,,,,,,,,,,,,,,,,,,,,,,,,,,,,,,,,,,,,,,,8,,,,,,,,,,8
07034007-2004,7,Chiapas,34,Frontera Comalapa,007-2,4,529,2515.9564,034_007-2_004,38363.1163761,25814812.2355,034_007-2_004,,,,,,,,,,,,,,,,,,,,1,,,,,,,,,,,,,,,,,,,,,,,,,,,,,,,,,,,,,,,,,,,2,,,,,,,,,,3
07083008-1004,7,Chiapas,83,Socoltenango,008-1,4,148,421.0119,083_008-1_004,9058.45212828,4387150.33474,083_008-1_004,,,,,,,,,,,,,,,,,,,,,,,,,5,,,,,,,,,,,,,,,,,,,,,,,,,,,,6,,,,,,,,,,,,,,,,,,,,11
07061010-1014,7,Chiapas,61,Ocozocoautla de Espinosa,010-1,14,50,460.7867,061_010-1_014,11372.1983713,4593981.69306,061_010-1_014,,,,,,,,,,,,,,,,,,,,1,,,,,,,,,,,,,,,,,,,,,,,,,,,,,,,,,,,,,,,,,,,,,,,,,,,,,1
07017020-7001,7,Chiapas,17,Cintalapa,020-7,1,53,1133.7283,017_020-7_001,18180.9290195,11871688.4818,017_020-7_001,,,,,,,,,,,,,,,,,,,,,,,,,,,,,,,,,,,,,,,,,,,,,,,,,,,,,,,,,,,,,,,25,,,,,,,,,,25
07092004-2021,7,Chiapas,92,Tecpatán,004-2,21,23,155.1038,092_004-2_021,8776.32199647,1549026.38008,092_004-2_021,,,,,,,,,,,,,,,1,,,,,,,,,,,,,,,,,,,,,,,,,,,,,,,,,,,,,,,,,,,,,,,,,,,,,,,,,,1
07001003-3009,7,Chiapas,1,Acacoyagua,003-3,9,457,2356.7676,001_003-3_009,28457.0059388,24093456.9398,001_003-3_009,,,,,,,,,,,,,,,,,,,,1,,,,,,,,,,,,,,,,,,,,,,,,,,,,,,,,,,,,,,,,,,,,,,1,,,,,,,2
07108018-6004,7,Chiapas,108,Villaflores,018-6,4,280,1481.485,108_018-6_004,24952.0484514,15532024.9821,108_018-6_004,,,,,,,,,,,,,,,,,,,,1,,,,,,,,,,,,,,,,,,,,,,,,,,,,,,,,,,,,,,,,,,,,,,,,,,,,,1
07047001-3017,7,Chiapas,47,Jitotol,001-3,17,13,360.7734,047_001-3_017,8091.58408789,3599728.7762,047_001-3_017,,,,,,,,,,,,,,,,,,,,,,,,,,,,,,,,,,,,,,,,,,,,,,,,,,,,,,,,,,,,,,,1,,,,,,,,,,1
07078001-A001,7,Chiapas,78,San Cristóbal de las Casas,001-A,1,493,1442.1245,078_001-A_001,18119.5249336,15043783.6145,078_001-A_001,,,,,,,,,,,,,,,,,,,,,,,,,,,,,,,,,,,,,,,,,,,,,,,,,,,,,,,,,,,,,,,,,,,3,,,,,,3
07019011-2014,7,Chiapas,19,Comitán de Domínguez,011-2,14,32,712.6408,019_011-2_014,14343.1681589,7088906.50833,019_011-2_014,,,,,,,,,,,,,,,,,,,,,,,,,,,,,,,,,,,,,,,,,,,,,,,,,,,,,,,,,,,,,,,1,,,,,,,,,,1
07030009-2014,7,Chiapas,30,Chicomuselo,009-2,14,1,15.1774,030_009-2_014,1855.17314185,150576.284258,030_009-2_014,,,,,,,,,,,,,,,,,,,,,,,,,,,,,,,,,,,,,,,,,,,,,,,,,,,,,,,,,,,,,,,1,,,,,,,,,,1
07051007-3003,7,Chiapas,51,Mapastepec,007-3,3,88,1255.002,051_007-3_003,27267.356884,12801981.8835,051_007-3_003,,,,,,,,,,,,,,,3,,,,,1,,,,,,,,,,,,,,,,,,,,,,,,,,,,,,,,,,,,,,,,,,,,,,28,,,,,,,32
07116010-1007,7,Chiapas,116,Marqués de Comillas,010-1,7,100,1241.9933,116_010-1_007,18003.7714026,12823536.0902,116_010-1_007,,1,,,,,,,,,,,,,4,1,,,,8,,1,16,,,,,,,,,,,,,,,,,,,,,,,,,,,,,,,,,,,,,3,,,,12,,,,,,,,,46
07038001-4011,7,Chiapas,38,Huixtán,001-4,11,422,1139.4061,038_001-4_011,16936.6247274,11350744.3666,038_001-4_011,,,,,,,,,,,,,,,,,,,,,,,,,,,,,,,,,,,,,,,,,,,,,,,,,,,,,,,,,,,,,,,1,,,,,,,,,,1
07019017-A016,7,Chiapas,19,Comitán de Domínguez,017-A,16,82,45.1022,019_017-A_016,5589.64031489,506033.260536,019_017-A_016,,,,,,,,,,,,,,,,,,,,,,,,,,,,,,,,,,,,,,,,,,,,,,,,,,,,,,,,,,,,,,,2,,,,,,,,,,2
07059009-0004,7,Chiapas,59,Ocosingo,009-0,4,397,3938.9128,059_009-0_004,26997.9182435,40518246.4964,059_009-0_004,,,,,,,,,,,,,,,,,1,,,,,,,,,,,,,,,,,,,,,,,,,,,,,,,,,,,,,,1,,,,,1,,,,,,,,,,,1,,4
07061003-1005,7,Chiapas,61,Ocozocoautla de Espinosa,003-1,5,143,374.5108,061_003-1_005,12123.300124,3737227.01118,061_003-1_005,,,,,,,,,,1,,,,,1,,,,,6,,,,,,,,,,,,,,,,,,,,,,,,,,,,,,,,,,,,,,,,,,,,,,,,,,,,,8
07083006-2009,7,Chiapas,83,Socoltenango,006-2,9,14,1611.8862,083_006-2_009,31075.7294887,16018258.0762,083_006-2_009,,,,,,,,,,,,,,,,,,,,,,,,,,,,,,,,,,,,,,,,,,,,,,,,,,,,,1,,,,,,,,,,,,,,,,,,,,1
07116008-4003,7,Chiapas,116,Marqués de Comillas,008-4,3,286,3910.0298,116_008-4_003,24968.722187,39527838.8376,116_008-4_003,,,,,,,,,,,,,,,,,,,,1,,,,,,,,,,,,,,,,,,,,,,,,,,,,,,,,,,,,,,,,,,,,,,,,,,,,,1
07017013-7002,7,Chiapas,17,Cintalapa,013-7,2,360,2746.8911,017_013-7_002,25885.8806712,28519128.9519,017_013-7_002,,,,,,,,,,,,,,,,,,,,,,,,,,,,,,,,5,,,,,,,,,,,,,,,,,,,,,,,,2,,,,,,,,,,,,,,,,,7
07017011-8014,7,Chiapas,17,Cintalapa,011-8,14,103,1223.7322,017_011-8_014,16490.1765811,12197764.4016,017_011-8_014,,,,,,,,,,,,,,,,,,,,1,,,,,,,,,,,,,,,,,,,,,,,,,,,,,,,,,,,,,,,,,,,,,,,,,,,,,1
07017029-8003,7,Chiapas,17,Cintalapa,029-8,3,118,229.2421,017_029-8_003,7803.61825433,2287657.27777,017_029-8_003,,,,,,,,,,,,,,,,,,,,1,,,,,,,,,,,,,,,,,,,,,,,,,,,,,,,,,,,,,,,,,,,,,,,,,,,,,1
07049001-8010,7,Chiapas,49,Larráinzar,001-8,10,540,626.1902,049_001-8_010,15602.8318413,6261939.6305,049_001-8_010,,,,,,,,,,,,,,,,,,,,,,,,,,,,,,,,,,,,,,,,,,,,,,,,,,,,,,,,,,,,,,,1,,,,9,,,,,,10
07099024-0025,7,Chiapas,99,La Trinitaria,024-0,25,594,444.0245,099_024-0_025,11397.3761521,5191030.79787,099_024-0_025,,,,,,,,,,,,,,,,,,,,,,,,,,,,,,,,,,,,,,,,,,,,,,,,,,,,,,,,,,,,,,,16,,,,,,,,,,16
07047002-8042,7,Chiapas,47,Jitotol,002-8,42,4,39.879,047_002-8_042,3763.0581529,397943.540814,047_002-8_042,,,,,,,,,,,,,,,,,,,,,,,,,,,,,,,,,,,,,,,,,,,,,,,,,,,,,,,,,,,,,,,2,,,,,,,,,,2
07087003-8015,7,Chiapas,87,Suchiate,003-8,15,78,548.6021,087_003-8_015,11305.4335234,5745205.41493,087_003-8_015,,,,,,,,,,,,,,,,,,,,,,,,,,,,,,,,,,,,,,,,,,,,,,,,,,,1,,,,,,,,,,,,,,,,,,,,,,1
07057005-8011,7,Chiapas,57,Motozintla,005-8,11,108,805.8738,057_005-8_011,13237.8343912,8014178.62307,057_005-8_011,,,,,,,,,,,,,,,,,,,,,,,,,,,,,,,,,,,,,,,,,,,,,,,,,,,,,,,,,,,,,,,1,,,,,,,,,,1
07017025-A002,7,Chiapas,17,Cintalapa,025-A,2,172,1175.299,017_025-A_002,21656.7970987,12085764.8907,017_025-A_002,,,,,,,,,,,,,,,,,,,,2,,,,,,,,,,,,,,,,,,,,,,,,,,,,,,,,,,,,,,,,,,,,,,,,,,,,,2
07089029-7010,7,Chiapas,89,Tapachula,029-7,10,67,436.1399,089_029-7_010,12022.6879682,4306609.02941,089_029-7_010,,,,,,,,,,,,,,,,,,,,,,,,,,,,,,,,,,,,,,,,,,,,,,,,,,,,,,,,,,,,,,,,,,,1,,,,,,1
07065021-9011,7,Chiapas,65,Palenque,021-9,11,73,1293.7624,065_021-9_011,16940.5487566,13251698.4914,065_021-9_011,,,,,,,,,,,,,,,,,,,,1,,,,,,,,,,,,,,,,,,,,,,,,,,,,,,,,,,,,,,,,,,,,,,,,,,,,,1
07016007-4005,7,Chiapas,16,Catazajá,007-4,5,7,464.0859,016_007-4_005,14546.9154501,4642374.66023,016_007-4_005,,,,,,,,,,,1,,,,,,,,,,,,,,,,,,,,,,,,,,,,,,,,,,,,,,,,,,,,,,,,,,,,,,,,,,,,,,1
07047003-2015,7,Chiapas,47,Jitotol,003-2,15,650,1262.9023,047_003-2_015,17394.0900396,12904685.6991,047_003-2_015,,,,,,,,,,,,,,,,,,,,,,,,,,,,,,,,,,,,,,,,,,,,,,,,,,,,,,,,,,,,,,,13,,,,,,,,,,13
07046007-3002,7,Chiapas,46,Jiquipilas,007-3,2,83,111.4036,046_007-3_002,5660.60618259,1719432.78653,046_007-3_002,,,,,,,,,,,,,,,,,,,,2,,,,,,,,,,,,,,,,,,,,,,,,,,,,,,,,,,,,,,,,,,,,,,,,,,,,,2
07111002-0013,7,Chiapas,111,Zinacantán,002-0,13,149,52.9809,111_002-0_013,3131.05394611,527858.267209,111_002-0_013,,,,,,,,,,,,,,,,,,,,,,,,,,,,,,,,,,,,,,,,,,,,,,,,,,,,,,,,,,,,,,,3,,,,1,,,,,,4
07061008-4017,7,Chiapas,61,Ocozocoautla de Espinosa,008-4,17,559,1492.2284,061_008-4_017,23235.4624477,15177402.4242,061_008-4_017,,,,,,,,,,,,,,,,,,,,1,,,,,,,,,,,,,,,,,,,,,2,,,,,,,,,,,,,,,,,,,,,,,,,,,,,,,,3
07080006-0005,7,Chiapas,80,Siltepec,006-0,5,1228,1502.7989,080_006-0_005,16206.7003333,15168706.828,080_006-0_005,,,,,,,,,,,,,,,,,,,,,,,,,,,,,,,,,,,,,,,,,,,,,,,,,,,,,,,,,,,,,,,14,,,,,,,,,,14
07065007-9007,7,Chiapas,65,Palenque,007-9,7,5,1615.0997,065_007-9_007,20769.8267124,16149170.3519,065_007-9_007,,,,,,,,,,,,,,,,,,,,,,,,,,,,,,,,,,,,,,,,,,,,,,,,,,,,,,,,,,,,,,,,,,,,,1,,,,1
07017014-1003,7,Chiapas,17,Cintalapa,014-1,3,21,570.747,017_014-1_003,14570.5846245,5688819.80466,017_014-1_003,,,,,,,,,,,,,,,,,,,,2,,,,,,,,,,,,,,,,,,,,,,,,,,,,,,,,,,,,,,,,,,,,,,,,,,,,,2
07034007-2009,7,Chiapas,34,Frontera Comalapa,007-2,9,71,1041.0673,034_007-2_009,14156.6771012,10329020.9428,034_007-2_009,,,,,,,,,,,,,,,,,,,,,,,,,,,,,,,,,,,,,,,,,,,,,,,,,,,,,,,,,,,,,,,3,,,,,,,,,,3
07034008-7006,7,Chiapas,34,Frontera Comalapa,008-7,6,394,603.6798,034_008-7_006,14424.5711771,6635222.45076,034_008-7_006,,,,,,,,1,,,,,5,,,,,,,2,,,,,,,,,,,,,,2,,1,,,,,,,,,,,,,,,,,,,,,,,,,,,,,,,,,,,,,11
07030002-0006,7,Chiapas,30,Chicomuselo,002-0,6,467,852.5048,030_002-0_006,15300.1389477,9871307.69509,030_002-0_006,,,,,,,,,,,,,,,,,,,,1,,,,,,,,,,,,,,,,,,,,,,,,,,,,,,,,,,,,,,,,,,,1,,,,,,,,1,,3
07020017-0001,7,Chiapas,20,La Concordia,017-0,1,14,1402.4542,020_017-0_001,18152.5283241,13924425.8612,020_017-0_001,,,,,,,,,,,,,,,,,,,,,,,,,,,,,,,,,,,,,,,,,,,,,,,,,,,,,,,,,,,,,,,1,,,,,,,,,,1
07042001-7005,7,Chiapas,42,Ixhuatán,001-7,5,982,1274.8968,042_001-7_005,14660.0123119,13103720.9838,042_001-7_005,,,,,,,,,,,,,,,,,,,,2,,,,,,,,,,,,,,,,,,,,,,,,,,,,,,,,,,,,,,,,,,,,,,,,,,,,,2
07001004-8016,7,Chiapas,1,Acacoyagua,004-8,16,30,596.9271,001_004-8_016,11620.9698039,5910541.07554,001_004-8_016,,,,,,,,,,,1,,,,,,,,,,,,,,,,,,,,,,,,,,,,,,,,,,,,,,,,,,,,,,,,,,,,,,,,,,,,,,1
07005001-3027,7,Chiapas,5,Amatán,001-3,27,349,975.7598,005_001-3_027,14179.3554546,9747817.78342,005_001-3_027,,,,,,,,,,,,,,,,,,,,3,,,,,,,,,,,,,,,,,,,,,,,,,,,,,,,,,,,,,,,,,,,,,,,,,,,,,3
07101038-2004,7,Chiapas,101,Tuxtla Gutiérrez,038-2,4,6,1126.0357,101_038-2_004,22219.6376689,11126378.9391,101_038-2_004,,,,,,,,,,,,,,,,,,,,,,,,,,,,,,,,,,,,,,,,,,,,,,,,,,1,,,,,,,,,,,,,,,,,,,,,,,1
07115003-4012,7,Chiapas,115,Maravilla Tenejapa,003-4,12,29,959.7463,115_003-4_012,13910.4950199,9753626.03988,115_003-4_012,,,,,,,,,,,,,,,1,,,,,,,,,,,,,,,,,,,,,,,,,,,,,,,,,,,,,,,,,,,,,,,,,,,,,,,,,,1
07030008-8014,7,Chiapas,30,Chicomuselo,008-8,14,85,336.2558,030_008-8_014,13244.438817,3492689.86828,030_008-8_014,,,,,,,,,,,,,,,,,,,,,,,,,,,,,,,,,,2,,,,,,,,,,,,,,,,,,,,,,,,,,,,,,,,,,,,,,,2
07089022-5001,7,Chiapas,89,Tapachula,022-5,1,3,3.0947,089_022-5_001,855.934614351,30630.3113818,089_022-5_001,,,,,,,,,,,,,,,,,,,,,,,,,,,,,,,,,,,,,,,,,,,,,,,1,,,,,,,,,,,,,,,,,,,,,,,,,,1
07009010-1002,7,Chiapas,9,Arriaga,010-1,2,41,2544.1394,009_010-1_002,37566.4078996,25419278.7862,009_010-1_002,,,,,,,,,,,,,,,,,,,,,,,,,,,,,,,,,,,,,,,,,,,,,,,,,,,,,,,,2,,,,,,,,,,,,,,,,,2
07052038-6002,7,Chiapas,52,Las Margaritas,038-6,2,255,718.6825,052_038-6_002,16029.7186414,7436361.94574,052_038-6_002,,,,,,,,,,,,,,,,,,,,,,,,,,,,,,,,,,,,,,,,,5,,,,,,,,,,,,,,,,,,,,,,,,,,,,,,,,5
07046016-2012,7,Chiapas,46,Jiquipilas,016-2,12,148,1414.3221,046_016-2_012,16347.061325,14135171.8834,046_016-2_012,,,,,,,,,,,,,,,,,,,,,,,,,,,,,,,,,,,,,,,,,,,,,,,,,,,,,,,,,,,,,,,2,,,,,,,,,,2
07047003-2012,7,Chiapas,47,Jitotol,003-2,12,14,169.3053,047_003-2_012,12116.4191644,1688830.04988,047_003-2_012,,,,,,,,,,,,,,,,,,,,,,,,,,,,,,,,,,,,,,,,,,,,,,,,,,,,,,,,,,,,,,,2,,,,,,,,,,2
07021003-6016,7,Chiapas,21,Copainalá,003-6,16,35,104.4715,021_003-6_016,4666.21247595,1042037.73547,021_003-6_016,,,,,,,,,,,,,,,,,,,,,,,,,,,,,,,,1,,,,,,,,,,,,,,,,,,,,,,,,,,,,,,,,,,,,,,,,,1
07108012-9007,7,Chiapas,108,Villaflores,012-9,7,402,2082.319,108_012-9_007,52625.4534498,21047651.0965,108_012-9_007,,,,,,,,,,,,,,,,,,,1,1,,,,,,,,,,,,1,,,,,,,,,,,,,,,,,,,,,,,,,,,,,,,,,,,,,,,,,3
07047002-8011,7,Chiapas,47,Jitotol,002-8,11,45,390.2624,047_002-8_011,10246.3214522,3893732.85651,047_002-8_011,,,,,,,,,,,,,,,,,,,,,,,,,,,,,,,,,,,,,,,,,,,,,,,,,,,,,,,,,,,,,,,19,,,,,,,,,,19
07065023-8002,7,Chiapas,65,Palenque,023-8,2,324,1711.4465,065_023-8_002,23988.5454154,17398416.1925,065_023-8_002,,,,,,,,,,,,,,,,,,,,1,,,,,,,,,,,,,,,,,,,,,,,,,,,,,,,,,,,,,,,,,,,,,,,,,,,,,1
07087002-3004,7,Chiapas,87,Suchiate,002-3,4,496,938.2851,087_002-3_004,14371.9900157,10076649.7369,087_002-3_004,,,,,,,,,,,,,,,1,,,,,,,,,,,,,,,,,,,,,,,,,,,,,,,,,,,,,,,,,,,,,,,,,,,,,,,,,,1
07108024-1001,7,Chiapas,108,Villaflores,024-1,1,122,3582.0891,108_024-1_001,23129.026207,35932201.7423,108_024-1_001,,,,,,,,,,,,,,,,,,,,3,,,,,,,,,,,,,,,,,,,,,,,,,,,,,,,,,,,,,,,,,,,4,,,,,,,,,,7
07089027-8005,7,Chiapas,89,Tapachula,027-8,5,23,867.2442,089_027-8_005,15824.8821499,8568682.17697,089_027-8_005,,,,,,,,,,,,,,,,,,,,,,,,,,,,,,,,,,,,,,,,,,,,,,,,,,,,,,,,,,,,,,,,,,,,,1,,,,1
07057005-8027,7,Chiapas,57,Motozintla,005-8,27,495,364.8819,057_005-8_027,10649.1719174,3673064.71232,057_005-8_027,,,,,,,,,,,,,,,,,,,,,,,,,,,,,,,,,,,,,,,,,,,,,,,5,,,,,,,,,,,,,,,,,,,,,,,,,,5
07061010-1016,7,Chiapas,61,Ocozocoautla de Espinosa,010-1,16,22,505.7756,061_010-1_016,11261.9652417,5042191.86783,061_010-1_016,,,,,,,,,,,,,,,,,,,,2,,,,,,,,,,,,,,,,,,,,,,,,,,,,,,,,,,,,,,,,,,,,,,,,,,,,,2
07103002-9002,7,Chiapas,103,Tuzantán,002-9,2,141,226.4124,103_002-9_002,9523.56694609,2280353.33749,103_002-9_002,,,,,,,,,,,,,,,,,,,,1,,,,,,,,,,,,,,,,,,,,,,,,,,,,,,,,,,,,,,,,,,,,,,,,,,,,,1
07013004-9022,7,Chiapas,13,Bochil,004-9,22,428,503.9321,013_004-9_022,10014.6859806,5308510.3241,013_004-9_022,,,,,,,,,,,,,,,,,,,,,,,,,,,,,,,,,,,,,,,,,,,,,,,,,,,,,,,,,,,,,,1,,,,,1,,,,,,2
07013003-4023,7,Chiapas,13,Bochil,003-4,23,56,81.4816,013_003-4_023,3939.22127291,853941.556066,013_003-4_023,,,,,,,,,,,,,,,,,,,,,,,,,,,,,,,,,,,,,,,,,,,,,,,,,,,,,,,,,,,,,,,1,,,,,,,,,,1
07061019-2001,7,Chiapas,61,Ocozocoautla de Espinosa,019-2,1,986,4563.2766,061_019-2_001,29673.5750551,47317784.0673,061_019-2_001,,,,,,,,,,,,,,,,,,,,2,,,,,,,,,,,,,,,,,,,,,,,,,,,,,,,,,,,,,,,,,,,,,,,,,,,,,2
07099012-8029,7,Chiapas,99,La Trinitaria,012-8,29,74,221.2371,099_012-8_029,9755.64429935,2198728.91783,099_012-8_029,,,,,,,,,,,,,,,,,,,,,,,,,,,,,,,,,,,,,,,,,,,,,,,,,,,,,,,,,,,,,,,32,,,,,,,,,,32
07017013-7001,7,Chiapas,17,Cintalapa,013-7,1,85,1716.0133,017_013-7_001,18050.8292824,17106520.4634,017_013-7_001,,,,,,,,,,,,,,,,,,,,2,,,,,,,,,,,,,,,,,,,,,,,,,,,,,,,,,,,,,,,,,,,,,,,,,,,,,2
07046011-A014,7,Chiapas,46,Jiquipilas,011-A,14,45,894.6722,046_011-A_014,22797.7093027,8953263.94645,046_011-A_014,,,,,,,,,,,,,,,,,,,,,,,,,,,,,,,,,,,,,,,,,,,,,,,,,,,,,,,,,,,,,,,20,,,,,,,,,,20
07017016-0001,7,Chiapas,17,Cintalapa,016-0,1,5,771.1104,017_016-0_001,15295.60178,7685426.97845,017_016-0_001,,,,,,,,,,,,,,,,,,,,,,,,,,,,,,,,,,,,,,,,,,,,,,,,,,,,,,,,,,,,,,,1,,,,,,,,,,1
07017026-4013,7,Chiapas,17,Cintalapa,026-4,13,157,174.8156,017_026-4_013,6496.02157372,1901759.58978,017_026-4_013,,,,,,,,,,,,,,,,,,,,,,,,,,,,,,,,,,,,,,,,,,,,,,,,,,,,,,,,,,,,,,,1,,,,,,,,,,1
07080002-2007,7,Chiapas,80,Siltepec,002-2,7,295,2732.4621,080_002-2_007,21814.3603942,27096409.0749,080_002-2_007,,,,,,,,,,,,,,,,,,,,,,,,,,,,,,,,,,,,,,,,,,,,,,,4,,,,,,,,,,,,,,,,,,,,,,,,,,4
07089029-7027,7,Chiapas,89,Tapachula,029-7,27,30,444.1899,089_029-7_027,11791.3729255,4384679.0326,089_029-7_027,,,,,,,,,,,,,,,,,,,,1,,,,,,,,,,,,,,,,,,,,,,,,,,,,,,,,,,,,,,,,,,,,,,,,,,,,,1
07057003-9002,7,Chiapas,57,Motozintla,003-9,2,103,3149.9472,057_003-9_002,46645.6219923,30964995.2882,057_003-9_002,,,,,,,,,,,,,,,,,,,,,,,,,,,,,,,,,,,,,,,,,,,,,,,,,,,,,,,,,,,,,,,1,,,,,,,,,,1
07047003-2021,7,Chiapas,47,Jitotol,003-2,21,46,25.1254,047_003-2_021,2076.0066874,259772.972029,047_003-2_021,,,,,,,,,,,,,,,,,,,,,,,,,,,,,,,,,,,,,,,,,,,,,,,,,,,,,,,,,,,,,,,11,,,,,,,,,,11
07013008-7011,7,Chiapas,13,Bochil,008-7,11,362,1022.4046,013_008-7_011,19977.8623553,10945928.1387,013_008-7_011,,,,,,,,,,,,,,,,,,,,,,,,,,,,,,,,,,,,,,,,,,,,,,,3,,,,,,,,,,,,,,,,,,,,,,,,,,3
07077002-7015,7,Chiapas,77,Salto de Agua,002-7,15,14,581.3249,077_002-7_015,13401.3158503,5811036.5021,077_002-7_015,,,,,,,,,,,,,,,,,,,,,,,,,,,,,,,,,,,,,,,,,,,,,,,,,,,,,,,,,,,,,,,,,,,,,1,,,,1
07099015-1004,7,Chiapas,99,La Trinitaria,015-1,4,45,1524.204,099_015-1_004,29477.6444173,15138084.4243,099_015-1_004,,,,,,,,13,,,,,,,,,,,,,,,,,,,,,,,,,,,,,,,,,,,,,,,,,,,,,,,,,,,,,,,,,,,,,,,,,13
07046016-2010,7,Chiapas,46,Jiquipilas,016-2,10,25,83.6057,046_016-2_010,3938.17527577,831826.578161,046_016-2_010,,,,,,,,,,,,,,,,,,,,,,,,,,,,,,,,,,,,,,,,,,,,,,,,,,,,,,,,,,,,,,,18,,,,,,,,,,18
07067004-A001,7,Chiapas,67,Pantepec,004-A,1,1374,2377.1185,067_004-A_001,52339.1431077,24279219.3081,067_004-A_001,,,,,1,,,,,,,,,,,,,,,,,,,,,,,,,,,,,,,,,,,,,,,,,,,,,,,,,,,,,,,,,,,,,,,,,,,,1
07013007-2002,7,Chiapas,13,Bochil,007-2,2,1372,2920.5566,013_007-2_002,34547.0362274,29326526.0095,013_007-2_002,,,,,,,,,,,,,,,,,,,,,,,,,,,,,,,,,,,,,,,,,,,,,,,,,,,,,,,,,,,,,,,2,,,,,,,,,,2
07051011-A003,7,Chiapas,51,Mapastepec,011-A,3,277,3461.658,051_011-A_003,28932.4006267,34712549.936,051_011-A_003,,,,,,,,,,,,,,,,,,,,,,,,,,,,,,,,,,,,,,,,,,,,,,,,,,,,,,,,,,,,,,,,,,1,,,,,,,1
07108014-8021,7,Chiapas,108,Villaflores,014-8,21,59,248.8517,108_014-8_021,11926.0476368,2538232.61659,108_014-8_021,,,,,,,,,,,,,,,,,,,,,,,,,,,,,,,,,,,,,,,,,,,,,,,,,,,,,,,,,,,,,,,2,,,,,,,,,,2
07027008-2027,7,Chiapas,27,Chiapa de Corzo,008-2,27,170,334.0561,027_008-2_027,9501.46160947,4331925.57655,027_008-2_027,,,,,,,,,,,,,,,,,,,,1,,,,,,,,,,,,,,,,,,,,,,,,,,,,,,,,,,,,,,,,,,,,,,,,,,,,,1
07108014-8009,7,Chiapas,108,Villaflores,014-8,9,22,777.6476,108_014-8_009,25404.5652965,7736422.26371,108_014-8_009,,,,,,,,,,,,,,,,,,,,,,,,,,,,,,,,,,,,,,,,,,,,,,,,,,,,,,,,,,,,,,,1,,,,,,,,,,1
07078010-9006,7,Chiapas,78,San Cristóbal de las Casas,010-9,6,271,1022.9108,078_010-9_006,17821.6804593,10328326.0578,078_010-9_006,,,,,,,,,,,,,,,,,,,,,,,,,,,,,,,,,,,,,,,,,,,,,,,,,,,,,,,,,,,,,,,12,,,,,,,,,,12
07062010-9010,7,Chiapas,62,Ostuacán,010-9,10,27,156.2193,062_010-9_010,5689.95090196,1561276.60024,062_010-9_010,,,,,,,,,,,,,,,,,,,,1,,,,,,,,,,,,,,,,,,,,,,,,,,,,,,,,,,,,,,,,,,,,,,,,,,,,,1
07044002-6007,7,Chiapas,44,Ixtapa,002-6,7,60,72.7598,044_002-6_007,3431.96829812,725262.384458,044_002-6_007,,,,,,,,,,,,,,,,,,,,,,,,,,,,,,,,,,,,,,,,,,,,,,,2,,,,,,,,,,,,,,,,,,,,,,,,,,2
07059032-A005,7,Chiapas,59,Ocosingo,032-A,5,56,150.2541,059_032-A_005,6148.49752375,1498407.45744,059_032-A_005,,,,,,,,,,,,,,,,,,,,1,,,,,,,,,,,,,,,,,,,,,,,,,,,,,,,,,,,,,,,,,,,,,,,,,,,,,1
07017014-1001,7,Chiapas,17,Cintalapa,014-1,1,300,2378.3144,017_014-1_001,24954.9416258,23808335.9544,017_014-1_001,,,,,,,,,,,,,,,,,,,,11,,,,,,,,,,,,27,,,,,,,,,,,,,,,,,,,,,,,,2,,,,,,,,,,,,,,,,,40
07061013-5004,7,Chiapas,61,Ocozocoautla de Espinosa,013-5,4,45,374.0913,061_013-5_004,8025.97729106,3728909.16788,061_013-5_004,,,,,,,,,,,,,,,,,,,,1,,,,,,,,,,,,,,,,,,,,,,,,,,,,,,,,,,,,,,,,,,,,,,,,,,,,,1
07108010-A005,7,Chiapas,108,Villaflores,010-A,5,86,304.4438,108_010-A_005,9434.43329589,3029877.58777,108_010-A_005,,,,,,,,,,,,,,,,,,,,22,,,,,,,,,,,,,,,,,,,,,,,,,,,,,,,,,,,,,,,,,,,19,,,,,,,,,,41
07061010-1003,7,Chiapas,61,Ocozocoautla de Espinosa,010-1,3,75,122.4611,061_010-1_003,6979.25798623,1413621.3574,061_010-1_003,,,,,,,,,,,,,,,,,,,,5,,,,,,,,,,,,,,,,,,,,,,,,,,,,,,,,,,,,,,,,,,,,,,,,,,,,,5
07102003-6003,7,Chiapas,102,Tuxtla Chico,003-6,3,68,373.386,102_003-6_003,10537.4794886,3689244.50167,102_003-6_003,,,,,,,,,,,,,,,,,,,,,,,,,,,,,,,,,,,,,,,,,,,,,,,,,,,,,,,,,,,,,,,,,,1,,,,,,,1
07108008-2012,7,Chiapas,108,Villaflores,008-2,12,26,97.4801,108_008-2_012,5339.21977809,994383.096073,108_008-2_012,,,,,,,,,,,,,,,,,,,,,,,,,,,,,,,,,,,,,,,,,,,,,,,,,,,,,,,,,,,,,,,,,,,1,,,,,,1
07107026-3018,7,Chiapas,107,Villa Corzo,026-3,18,113,2140.4403,107_026-3_018,22492.1788464,21644006.1105,107_026-3_018,,,,,1,,,,,,,,,,,,,,,1,,,,,,,,,,,,,,,,,,,,,,,,,,,,,,,,,,,,,,,,,,,1,,,,,,,,,,3
07089029-7022,7,Chiapas,89,Tapachula,029-7,22,26,819.2243,089_029-7_022,13437.0257859,8087391.20379,089_029-7_022,,,,,,,,,,,,,,,,,,,,,,,,,,,,,,,,,,,,,,,,,,,,,,,,,,,,,,1,,,,,,,,,,,,,,,1,,,,2
07108014-8010,7,Chiapas,108,Villaflores,014-8,10,346,1878.5545,108_014-8_010,26084.3584397,18888993.8488,108_014-8_010,,,,,,,,,,,,,,,,,,,,1,,,,,,,,,,,,,,,,,,,,,,,,,,,,,,,,,,,,,,,,,,,,,,,,,,,,,1
07069014-8014,7,Chiapas,69,Pijijiapan,014-8,14,1,110.0024,069_014-8_014,14171.2300712,1090216.58225,069_014-8_014,,,,,,,,,,,,,,,,,,,,,,,,,,,,,,,,,,,,,,,,,,,,,,,,,,,1,,,,,,,,,,,,,,,,,,,,,,1
07080009-4004,7,Chiapas,80,Siltepec,009-4,4,2,727.3536,080_009-4_004,12185.6423199,7206968.53405,080_009-4_004,,,,,,,,,,,,,,,,,,,,,,,,,,,,,,,,,,,,,,,,,,,,,,,,,,,,,,,,,,,,,,,2,,,,,,,,,,2
07098001-2002,7,Chiapas,98,Totolapa,001-2,2,2074,2928.1552,098_001-2_002,28950.2270019,30551772.6469,098_001-2_002,,,,,,,,,,,,,,,,,,,,1,,,,,,,,,,,,,,,,,,,,,,,,,,,,,,,,,,1,,,,,,,,,,,,,,,1,,,,3
07030008-8018,7,Chiapas,30,Chicomuselo,008-8,18,38,252.3295,030_008-8_018,7984.12380886,2511457.9798,030_008-8_018,,,,,,,,,,,,,,,,,,,,1,,,,,,,,,,,,,,,,,,,,,,,,,,,,,,,,,,,,,,,,,,,,,,,,,,,,,1
07046010-5011,7,Chiapas,46,Jiquipilas,010-5,11,170,491.4673,046_010-5_011,15777.2371273,5248637.13666,046_010-5_011,,,,,,,,,,,,,,,,,,,,,,,,,,,,,,,,,,,,,,,,,,,,,,,,,,,,,,,,,,,,,,,2,,,,,,,,,,2
07108012-9012,7,Chiapas,108,Villaflores,012-9,12,57,317.0402,108_012-9_012,8110.53866723,3176295.62568,108_012-9_012,,,,,,,,,,,,,1,,,,,,,,,,,,,,,,,,,,,,,,,,,,,,,,,,,,,,,,,,,,,,,,,,,,,,,,,,,,1
07094004-7001,7,Chiapas,94,Teopisca,004-7,1,235,296.8912,094_004-7_001,9563.66917421,2989820.29793,094_004-7_001,,,,,,,,,,,,,,,,,,,,,,,,,,,,,,,,,,,,,,,,,,,,,,,,,,,,,,,,,,,,,,,1,,,,,,,,,,1
07026004-7007,7,Chiapas,26,Chenalhó,004-7,7,15,92.5605,026_004-7_007,4727.27881655,922729.027386,026_004-7_007,,,,,,,,,,,,,,,,,,,,,,,,,,,,,,,,,,,,,,,,,,,,,,,,,,,,,,,,,,,,,,,12,,,,,,,,,,12
07065022-3005,7,Chiapas,65,Palenque,022-3,5,87,1200.7123,065_022-3_005,21541.7853762,12067168.6339,065_022-3_005,,,,,,,,,,,,,,,1,,,,,1,,,,,,,,,,,,,,,,,,,,,,,,,,,,,,,,,,,,,,1,,,,,,,,,,,1,,,,4
07020011-3006,7,Chiapas,20,La Concordia,011-3,6,866,5526.8967,020_011-3_006,41207.4790937,58545361.4537,020_011-3_006,,,,,,,,,,,,,,,,,,,,,,,,,,,,,,,,,,,,,,,,,,,,,,,,1,,,,,,,,,,,,,,,,,,,,,,,,,1
07047003-2023,7,Chiapas,47,Jitotol,003-2,23,12,11.4867,047_003-2_023,1362.04782418,114580.591938,047_003-2_023,,,,,,,,,,,,,,,,,,,,,,,,,,,,,,,,,,1,,,,,,,,,,,,,,,,,,,,,,,,,,,,,2,,,,,,,,,,3
07046010-5003,7,Chiapas,46,Jiquipilas,010-5,3,37,2024.9449,046_010-5_003,43683.1084565,20156652.2566,046_010-5_003,,,,,,,,,,,,,,,,,,,,,,,,,,,,,,,,,,,,,,,,,,,,,,,,,,,,,,,,,,,,,,,1,,,,,,,,,,1
07012006-0010,7,Chiapas,12,Berriozábal,006-0,10,28,602.9623,012_006-0_010,11963.4422004,6007886.77782,012_006-0_010,,,,,,,,,,,,,,,,,,,,,,,,,,,,,,,,,,,,,,,,,,,,,,,,,,,,,,,,,,,,,,,,,,,,,1,,,,1
07059049-5001,7,Chiapas,59,Ocosingo,049-5,1,29,10937.4841,059_049-5_001,48252.1199187,109100374.987,059_049-5_001,,,,,,,,,,,,,,,7,,,,,5,,,,,,,,,,,,,,,,,,,,,,,,,,,,,,,,,,,,,,,,,,,,,,,,,,,,,12
07094004-7014,7,Chiapas,94,Teopisca,004-7,14,717,1662.1614,094_004-7_014,20331.8957141,16780670.1085,094_004-7_014,,,,,,,,,,,,,,,,,,,,,,,,,,,,,,,,,,,,,,,,,,,,,,,,,,,,,,,,,,,,,,,2,,,,,,,,,,2
07017013-7004,7,Chiapas,17,Cintalapa,013-7,4,192,1390.6636,017_013-7_004,25220.3441627,14094207.6147,017_013-7_004,,,,,,,,,,,,,,,,,,,,8,,,,,,,,,,,,,,,,,,,,,,,,,,,,,,,,,,,,4,,,,,,,,,,,,,,,,,12
07072004-A002,7,Chiapas,72,Pueblo Nuevo Solistahuacán,004-A,2,450,1173.0978,072_004-A_002,22268.529934,12112365.6234,072_004-A_002,,,,,,,,,,,,,,,,,,,,,,,,,,,,,,,,,,,,,,,,,,,,,,,,,,,,,,,,,,,,,,,2,,,,,,,,,,2
07099007-7003,7,Chiapas,99,La Trinitaria,007-7,3,240,703.4418,099_007-7_003,14072.7597148,7415694.7309,099_007-7_003,,,,,,,,,,,,,,,,,,,,,,,,,,,,,,,,,,,,,,,,,,,,,,,,,,,,,,,,,,,,,,,2,,,,,,,,,,2
07107017-4013,7,Chiapas,107,Villa Corzo,017-4,13,18,950.5733,107_017-4_013,16546.1815693,9444346.37082,107_017-4_013,,,,,,,,,,,,,,,,,,,,,,,,,,,,,,,,,,,,,,,,,,,,,,,,,,,,,,,,,,,,,,,1,,,,,,,,,,1
07065020-4008,7,Chiapas,65,Palenque,020-4,8,64,1352.9291,065_020-4_008,19542.6622413,14063362.3399,065_020-4_008,,,,,,,,,,,,,,,,,,,,2,,,,,,,,,,,,,,,,,,,,,,,,,,,,,,,,,,,,,,,,,,,,,,,,,,,,,2
07106011-A004,7,Chiapas,106,Venustiano Carranza,011-A,4,485,2501.9944,106_011-A_004,32550.1779225,25684229.9873,106_011-A_004,,,,,,,,1,,,,,,,,,,,,,,,,,,,,,,,,,,,,,,,,,,,,,,,,,,,,,,,,,,,,,,,,,,,,,,,,,1
07044002-6012,7,Chiapas,44,Ixtapa,002-6,12,92,361.7348,044_002-6_012,12170.3098058,3605214.8491,044_002-6_012,,,,,,,,,,,,,,,,,,,,,,,,,,,,,,,,,,,,,,,,,,,,,,,,,,,,,,,,,,,,,,,,,,,1,,,,,,1
07017021-1009,7,Chiapas,17,Cintalapa,021-1,9,119,488.9125,017_021-1_009,11939.4881779,5065799.40334,017_021-1_009,,,,,,,,,,,,,,,,,,,,,,,,,,,,,,,,,,,,,,,,,,,,,,,,,,,,,,,,,,,,,,,,,,,,,,1,,,1
07030003-5013,7,Chiapas,30,Chicomuselo,003-5,13,116,277.5554,030_003-5_013,7845.98628326,2945828.35364,030_003-5_013,,,,,,,1,,,,,14,,,,,,,,,,,,,,,,,,,,,,,,,,,,,,,,,,,,,,,,,,,,,,,,,,,,,,,,,,,,,15
07107016-A012,7,Chiapas,107,Villa Corzo,016-A,12,25,915.9426,107_016-A_012,15470.5442508,9099783.90712,107_016-A_012,,,,,,,,,,,,,,,,,,,,,,,,,,,,,,,,,,,,,,,,,,,,,,,,,,,,,,,,,,,,,,,1,,,,,,,,,,1
07106006-9006,7,Chiapas,106,Venustiano Carranza,006-9,6,653,2224.6592,106_006-9_006,26389.1316129,22768007.8713,106_006-9_006,,,,,,,,,,,,,,,,,,,,,,,,,,,,,,,,,,,,,,,,,,,,,,,,,,,,,,,,,,,,,,,,,,,16,,,,,,16
07046004-A003,7,Chiapas,46,Jiquipilas,004-A,3,114,173.2715,046_004-A_003,10468.1256183,1906548.8108,046_004-A_003,,,,,,,,,,,,,,,,,,,,1,,,,,,,,,,,,,,,,,,,,,,,,,,,,,,,,,,,,,,,,,,,,,,,,,,,,,1
07017014-1016,7,Chiapas,17,Cintalapa,014-1,16,19,76.5632,017_014-1_016,5142.37837156,763066.011801,017_014-1_016,,,,,,,,,,,,,,,,,,,,1,,,,,,,,,,,,,,,,,,,,,,,,,,,,,,,,,,,,,,,,,,,,,,,,,,,,,1
07089028-2021,7,Chiapas,89,Tapachula,028-2,21,156,728.8052,089_028-2_021,14146.3256101,7776225.76243,089_028-2_021,,,,,,,,,,,,,,,,,,,,1,,,,,,,,,,,,,,,,,,,,,,,,,,,,,,,,,,,,,,,,,,,,,,,,,,,,,1
07077002-7011,7,Chiapas,77,Salto de Agua,002-7,11,11,787.3537,077_002-7_011,16815.9036996,7871072.86097,077_002-7_011,,,,,,,,,,,,,,,,,,,,,,,,,,,,,,,,,,,,,,,,,,,,,,,,,,,,,,,,,,,,,,,,,,,,,1,,,,1
07030007-3002,7,Chiapas,30,Chicomuselo,007-3,2,811,5123.3102,030_007-3_002,35546.5520675,51534822.5657,030_007-3_002,,,,,,,,,,,,,,,,,,,,,,,,,,,,,,,,,,,,,,,,,,,,,,,,,,,,,,,,,,,,,,,2,,,,,,,,,,2
07027007-8034,7,Chiapas,27,Chiapa de Corzo,007-8,34,79,294.7617,027_007-8_034,9105.35720366,3028040.46299,027_007-8_034,,,,,,,,,,,,,,,1,,,,,,,,,,,,,,,,,,,,,,,,,,,,,,,,,,,,,,,,,,,,,,,,,,,,,,,,,,1
07083006-2001,7,Chiapas,83,Socoltenango,006-2,1,727,2614.4916,083_006-2_001,38781.413732,26640213.1857,083_006-2_001,,,,,,,,,,,,,,,,,,,,9,,,,,13,,,,,,,,2,6,,,,,,,,,,,,,,,,,,,62,,,,,,,,,,,,,,,,,1,,,93
07089028-2011,7,Chiapas,89,Tapachula,028-2,11,95,237.9787,089_028-2_011,7207.63663746,2350638.61337,089_028-2_011,,,,,,,,,,,,,,,,,,,,1,,,,,,,,,,,,,,,,,,,,,,,,,,1,,,,,,,,,,,,,,,,,,,,,,,,,,,2
07046016-2018,7,Chiapas,46,Jiquipilas,016-2,18,25,82.5132,046_016-2_018,3790.18252499,821109.283155,046_016-2_018,,,,,,,,,,,,,,,,,,,,,,,,,,,,,,,,,,,,,,,,,,,,,,,,,,,,,,,,,,,,,,,1,,,,,,,,,,1
07108009-7006,7,Chiapas,108,Villaflores,009-7,6,461,1421.2394,108_009-7_006,23893.3426149,14479005.4635,108_009-7_006,,,,,,,,,,,,,,,,,,,,1,,,,,,,,,,,,,,,,,,,,,,,,,,,,,,,,,,,,,,,,,,,,,,,,,,,,,1
07001003-3016,7,Chiapas,1,Acacoyagua,003-3,16,60,388.703,001_003-3_016,9770.34891726,3849941.8439,001_003-3_016,,,,,,,,,,,,,,,,,,,,,,,,,,,,,,,,,,,,,,,,,,,,,,,,,,,,,,,,,,,,,,,,,,5,,,,,,,5
07099012-8026,7,Chiapas,99,La Trinitaria,012-8,26,47,51.5062,099_012-8_026,4197.66951561,594416.710077,099_012-8_026,,,,,,,,,,,,,,,,,,,,,,,,,,,,,,,,,,5,,,,,,,,,,,,,,,,,,,,,,,,,,,,,,,,,,,,,,,5
07017026-4006,7,Chiapas,17,Cintalapa,026-4,6,104,825.7814,017_026-4_006,22118.4890654,8222903.91825,017_026-4_006,,,,,,,,,,,,,,,,,,,,,,,,,,,,,,,,,,,,,,,,,,,,,,,,,,,,,,,,,,,,,,,1,,,,,,,,,,1
07065022-3008,7,Chiapas,65,Palenque,022-3,8,185,2453.9125,065_022-3_008,24961.3768514,25189492.9406,065_022-3_008,,,,,,,,,,,,,,,,,,,,2,,,,,,,,,,,,,,,,,,,,,,,3,,,,,,,,,,,,,,,,,,,,,,,,,,,,,,5
07059005-2009,7,Chiapas,59,Ocosingo,005-2,9,320,1744.154,059_005-2_009,21261.2121197,18573022.4128,059_005-2_009,,,,,,,,,,,,,,,1,,,,,5,,,,,,,,,,,,,,,,,,,,,,,,,,,,,,,,,,,,,,,,,,,,,,,,,,,,,6
07021004-0021,7,Chiapas,21,Copainalá,004-0,21,34,629.3638,021_004-0_021,19951.7403405,6277363.54285,021_004-0_021,,,,,,,,,,,,,,,,,,,,,,,,,,,,,,,,1,,,,,,,,,,,,,,,,,,,,,,,,,,,,,,,,,,,,,,,,,1
07069013-3010,7,Chiapas,69,Pijijiapan,013-3,10,51,2382.2969,069_013-3_010,34097.6863927,23610781.4388,069_013-3_010,,,,,,,,,,,,,,,,,,,,,,,,,,,,,,,,1,,,,,,,,,,,,,,,,,,,,,,,,,,,,,,,,,,,,,,,,,1
07035001-2007,7,Chiapas,35,Frontera Hidalgo,001-2,7,386,1272.1533,035_001-2_007,20598.3239394,13935961.1901,035_001-2_007,,,,,,,,,,,,,,,,,,,,,,,,,,,,,,,,,,,,,,,,,,,,,,,,,,,,,,,,,,,,,,,,,,,1,,,,,,1
07099011-3004,7,Chiapas,99,La Trinitaria,011-3,4,994,3015.554,099_011-3_004,27764.5735786,31441053.8631,099_011-3_004,,,,,,,,,,,,,,,,,,,,,,,,,,,,,,,,,,,,,1,,,,,,,,,,,,,,,,,,,,,,,,,,1,,,,,,,,,,2
07009004-6007,7,Chiapas,9,Arriaga,004-6,7,38,1017.875,009_004-6_007,19353.9690441,10126035.0662,009_004-6_007,,,,,,,,,,,,,,,,,,,,5,,,,,,,,,,,,,,,,,,,,,,,,,,,,,,,,,,,,,,,,,,,10,,,,,,,,,,15
07027007-8028,7,Chiapas,27,Chiapa de Corzo,007-8,28,22,788.492,027_007-8_028,14820.2396367,7850323.76867,027_007-8_028,,,,,,,,,,,,,,,1,,,,,,,,,,,,,,,,,,,,,,,,,,,,,,,,,,,,,,,,,,,,,,,,,,,,,,,,,,1
07046015-8005,7,Chiapas,46,Jiquipilas,015-8,5,70,377.376,046_015-8_005,14837.0320712,3758329.61776,046_015-8_005,,,,,,,,,,,,,,,,,,,,3,,,,,,,,,,,,,,,,,,,,,,,,,,,,,,,,,,,,,,,,,,,,,,,,,,,,,3
07102003-6001,7,Chiapas,102,Tuxtla Chico,003-6,1,194,458.3216,102_003-6_001,10134.1134805,4529132.72567,102_003-6_001,,,,,,,,,,,,,,,2,,,,,,,,,,,,,,,,,,,,,,,,,,,,,,,,,,,,,,,,,,,,,,,,,,,,,,,,,,2
07046005-4011,7,Chiapas,46,Jiquipilas,005-4,11,228,1042.6424,046_005-4_011,20450.5010444,10653509.3401,046_005-4_011,,,,,,,,,,,,,,,,,,,,,,,,,,,,,,,,,,1,,,,,,,,,,,,,,,,,,,,,,,,,,,,,,,,,,,,,,,1
07099007-7007,7,Chiapas,99,La Trinitaria,007-7,7,59,278.0089,099_007-7_007,6922.10616345,2803662.2451,099_007-7_007,,,,,,,,,,,,,,,,,,,,,,,,,,,,,,,,,,,,,,,,,,,,,,,,,,,,,,,,,,,,,,,2,,,,,,,,,,2
07065007-9012,7,Chiapas,65,Palenque,007-9,12,15,376.2224,065_007-9_012,8780.37741675,3761664.54329,065_007-9_012,,,,,,,,,,,,,,,,,,,,,,,,,,,,,,,,,,,,,,,,,,,,,,,,,,,,,,,,,,,,,,,,,,,,,1,,,,1
07017015-6008,7,Chiapas,17,Cintalapa,015-6,8,52,767.1976,017_015-6_008,13484.6584682,7648033.81462,017_015-6_008,,,,,,,,,,,,,,,,,,,,,,,,,,,,,,,,,,,,,,,,,,,,,,,,,,,,,,,,,,,,,,,52,,,,,,,,,,52
07108009-7022,7,Chiapas,108,Villaflores,009-7,22,25,95.695,108_009-7_022,4026.52361926,952470.933922,108_009-7_022,,,,,,,,,,,,,,,,,,,,25,,,,,,,,,,,,,,,,,,,,,,,,,,,,,,,,,,,,,,,,,,,,,,,,,,,,,25
07044003-0016,7,Chiapas,44,Ixtapa,003-0,16,323,610.2395,044_003-0_016,14708.2127879,6202714.54301,044_003-0_016,,,,,,,,,,,,,,,,,,,,1,,,,,,,,,,,,,,,,,,,,,,,,,,,,,,,,,,,,,,,,,,,1,,,,1,,,,,,3
07103002-9013,7,Chiapas,103,Tuzantán,002-9,13,207,302.8419,103_002-9_013,8867.38812986,3130381.72788,103_002-9_013,,,,,,,,,,,1,,,,,,,,,,,,,,,,,,,,,,,,,,,,,,,,,,,,,,,,,,,,,,,,,,,,,,,,,,,,,,1
07019010-8004,7,Chiapas,19,Comitán de Domínguez,010-8,4,661,4703.9048,019_010-8_004,38797.3349943,48243720.6706,019_010-8_004,,,,,,,,,,,,,,,,,,,,,,,,,,,,,,,,2,,,,,,,,,,,,,,,,,,,,,,,,,,,,,,,40,,,,,,,,,,42
07115003-4003,7,Chiapas,115,Maravilla Tenejapa,003-4,3,153,1114.883,115_003-4_003,19194.424637,11650461.6143,115_003-4_003,,,,,,,,,,,,,,,,,,,,,,,,,,,,,,,,,,,,,,,,,,,,,,,,,,,,,,,,,,,,,,,,,,,,,,,,3,3
07032005-9018,7,Chiapas,32,Escuintla,005-9,18,20,612.871,032_005-9_018,14479.0523023,6634196.30226,032_005-9_018,,,,,,,,,,,,,,,,,,,,,,,,,,,,,,,,,,,,,,,,,,,,,,,,,,,,,,,,,,,,,,,,,,,1,,,,,,1
07002005-A001,7,Chiapas,2,Acala,005-A,1,910,3928.7932,002_005-A_001,47708.2408059,40119701.0728,002_005-A_001,,,,,,,,,,,,,,,,,,,,1,,,,,,,,,,,,,,,,,,,,,,,,,,,,,,,,,,,,,,,,,,,,,,,,,,,,,1
07047003-2025,7,Chiapas,47,Jitotol,003-2,25,66,49.467,047_003-2_025,3261.02695449,493421.990411,047_003-2_025,,,,,,,,,,,,,,,,,,,,,,,,,,,,,,,,,,,,,,,,,,,,,,,,,,,,,,,,,,,,,,,66,,,,,,,,,,66
07061003-1001,7,Chiapas,61,Ocozocoautla de Espinosa,003-1,1,1,1632.5721,061_003-1_001,68744.9605616,16292090.4669,061_003-1_001,,,,,,,,,,,,,,,,,,,,1,,,,,,,,,,,,,,,,,,,,,,,,,,,,,,,,,,,,,,,,,,,,,,,,,,,,,1
07084002-1008,7,Chiapas,84,Solosuchiapa,002-1,8,410,1018.0126,084_002-1_008,13416.6260098,10746387.348,084_002-1_008,,,,,,,,,,,,,,,,,,,,2,,,,,,,,,,,,,,,,,,,,,,,,,,,,,,,,,,,,,,,,,,,,,,,,,,,,,2
07072002-0003,7,Chiapas,72,Pueblo Nuevo Solistahuacán,002-0,3,54,125.2174,072_002-0_003,5136.01832115,1276877.09209,072_002-0_003,,,,,,,,,,,,,,,,,,,,,,,,,,,,,,,,,,,,,,,,,,,,,,,,,,,,,,,,1,,,,,,,,,,,,,,,,,1
07019016-5001,7,Chiapas,19,Comitán de Domínguez,016-5,1,655,2277.0187,019_016-5_001,25884.8483637,23756218.8787,019_016-5_001,,,,,,,,,,,,,,,,,,,,,,,,,,,,,,,,,,,,,,,,,,,,,,,,,,,,,,,,,,,,,,,1,,,,,,,,,,1
07017020-7011,7,Chiapas,17,Cintalapa,020-7,11,4,735.82,017_020-7_011,12279.5334996,7331441.81425,017_020-7_011,,,,,,,,,,,,,,,,,,,,,,,,,,,,,,,,,,,,,,,,,,,,,,,,,,,,,,,,,,,,,,,3,,,,,,,,,,3
07061020-5015,7,Chiapas,61,Ocozocoautla de Espinosa,020-5,15,258,884.9646,061_020-5_015,19879.5936892,9087825.00642,061_020-5_015,,,,,,,,,,,,,,,,,,,,,,,,,,,,,,,,,,,,,,,,,,,,,,,,1,,,,,,,,,,,,,,,,,,,,,,,,,1
07065008-3015,7,Chiapas,65,Palenque,008-3,15,3,288.6542,065_008-3_015,7136.67166949,2886004.21598,065_008-3_015,,,,,,,,,,,,,,,,,,,,,,,,,,,,,,,,,,,,,,,,,,,,,,,,,,,,,,,,,,,,,,,,,,,,,3,,,,3
07019013-1006,7,Chiapas,19,Comitán de Domínguez,013-1,6,469,1522.4153,019_013-1_006,28765.5958822,15734751.3845,019_013-1_006,,,,,,,,,,,,,,,,,,,,,,,,,,,,,,,,,,,,,,,,,,,,,,,,,,,,,,,,,,,,,,,1,,,,,,,,,,1
07067001-6008,7,Chiapas,67,Pantepec,001-6,8,8,141.9698,067_001-6_008,4941.35248393,1416949.08823,067_001-6_008,,,,,,,,,,,,,,,,,,,,,,,,,,,,,,,,,,,,,,,,,,,,,,,,,,,,,,,,2,,,,,,,,,,,,,,,,,2
07108020-3010,7,Chiapas,108,Villaflores,020-3,10,102,277.2015,108_020-3_010,7978.42274089,2845588.96416,108_020-3_010,,,,,,,,,,,,,,,,,,,,,,,,,,,,,,,,,,,,,,,,,,,,,,,,,,,,,,,,,,,,,,,33,,,,,,,,,,33
07059008-6005,7,Chiapas,59,Ocosingo,008-6,5,375,3598.1906,059_008-6_005,29437.1724743,37252735.8408,059_008-6_005,,,,,,,,,,,,,,,1,,,,,,,,,,,,,,,,,,,,,,,,,,,,,,,,,,,,,,,,,,,,,,,,,,,,,,,,,,1
07019014-6009,7,Chiapas,19,Comitán de Domínguez,014-6,9,104,311.2351,019_014-6_009,9817.7173084,3080808.45544,019_014-6_009,,,,,,,,,,,,,,,,,,,,3,7,,,,,,,,,,,,1,,,,,,,,,,,,,,,,,,,,,,,1,,,,,,,3,,,,,,,,,,15
07089029-7031,7,Chiapas,89,Tapachula,029-7,31,25,49.579,089_029-7_031,2917.9277041,493269.035531,089_029-7_031,,,,,,,,,,,,,,,,,,,,,,,,,,,,,,,,,,,,,,,,,,,,,,,,,,,,,,,,,,,,,,,,,,,2,,,,,,2
07030011-A008,7,Chiapas,30,Chicomuselo,011-A,8,272,3109.5944,030_011-A_008,27064.3008918,30841330.3091,030_011-A_008,,,,,,,,,,,,,,,,,,,,,,,,,,,,,,,,,,,,,,,,,,,,,,,,,,,,,,,,,,,,,,,2,,,,,,,,,,2
07061010-1025,7,Chiapas,61,Ocozocoautla de Espinosa,010-1,25,132,184.8615,061_010-1_025,6954.52381231,1847590.36794,061_010-1_025,,,,,,,,,,,,,,,,,,,,7,,,,,,,,,,,,,,,,,,,,,,,,,,,,,,,,,,,,,,,,,,,,,,,,,,,,,7
07065030-8040,7,Chiapas,65,Palenque,030-8,40,56,134.1068,065_030-8_040,4872.21215658,1339411.56195,065_030-8_040,,,,,,,,,,,,,,,,,,,,1,,,,,,,,,,,,,,,,,,,,,,,,,,,,,,,,,,,,,,,,,,,,,,,,,,,,,1
07027007-8026,7,Chiapas,27,Chiapa de Corzo,007-8,26,304,611.3981,027_007-8_026,15350.2922957,6234131.62116,027_007-8_026,,,,,,,,,,,,,,,,,,,,2,,,,,,,,,,,,,,,,,,,,,,,,,,,,,,,,,,,,,,,,,,,,,,,,,,,,,2
07046007-3004,7,Chiapas,46,Jiquipilas,007-3,4,90,487.7264,046_007-3_004,12609.4967347,4909452.78621,046_007-3_004,,,,,,,,,,,,,,,,,,,,,,,,,,,,,,,,,,1,,,,,,,,,,,,,,,,,,,,,,,,,,,,,,,,,,,,,,,1
07108012-9004,7,Chiapas,108,Villaflores,012-9,4,12,229.9915,108_012-9_004,9560.26665044,2288738.41497,108_012-9_004,,,,,,,,,,,,,,,,,,,,1,,,,,,,,,,,,,,,,,,,,,,,,,,,,,,,,,,,,,,,,,,,,,,,,,,,,,1
07075005-6013,7,Chiapas,75,Las Rosas,005-6,13,23,83.1956,075_005-6_013,3881.35116115,827712.961248,075_005-6_013,,,,,,,,,,,,,,,,,,,,,,,,,,,,,,,,,,,,,,,,,,,,,,,,,,,,,,,,,,,,,,,18,,,,,,,,,,18
07061007-A004,7,Chiapas,61,Ocozocoautla de Espinosa,007-A,4,676,961.0281,061_007-A_004,13359.1009304,9858746.27518,061_007-A_004,,,,,,,,,,,,,,,,,,,,6,,,,,,,,,,,,,,,,,,,,,,,,,,,,,,,,,,,,,,,,,,,,,,,,,,,,,6
07078001-A009,7,Chiapas,78,San Cristóbal de las Casas,001-A,9,16,221.9185,078_001-A_009,9659.62322429,2210861.96103,078_001-A_009,,,,,,,,,,,,,,,,,,,,,,,,,,,,,,,,,,,,,,,,,,,,,,,,,,,,,,,,,,,,,,,2,,,,,,,,,,2
07108007-8012,7,Chiapas,108,Villaflores,007-8,12,216,758.0686,108_007-8_012,15354.5195084,7593057.44054,108_007-8_012,,,,,,,,,,,,,,,,,,,,24,,,,,,,,,,,,,,,,,,,,,,,,,,,,,,,,,,,,,,,,,,,26,,,,,,,,,,50
07017008-6001,7,Chiapas,17,Cintalapa,008-6,1,117,8435.464,017_008-6_001,53628.8382796,84118813.9891,017_008-6_001,,,,,,,,,,,,,,,,,,,,,1,,,,,,,,,,,,,,,,,,,,,,,,,,,,,,,,,,,,,,,,,,,,,,,,,,,,1
07078001-A010,7,Chiapas,78,San Cristóbal de las Casas,001-A,10,14,123.9252,078_001-A_010,7611.47402102,1191399.36522,078_001-A_010,,,,,,,,,,,,,,,,,,,,,,,,,,,,,,,,,,,,,,,,,,,,,,,,,,,,,,,,,,,,,,,2,,,,,,,,,,2
07047003-2010,7,Chiapas,47,Jitotol,003-2,10,39,232.1001,047_003-2_010,12408.6069823,2315307.77081,047_003-2_010,,,,,,,,,,,,,,,,,,,,,,,,,,,,,,,,,,,,,,,,,,,,,,,,,,,,,,,,,,,,,,,5,,,,,,,,,,5
07099012-8028,7,Chiapas,99,La Trinitaria,012-8,28,62,105.5885,099_012-8_028,5488.74890156,1050184.53648,099_012-8_028,,,,,,,,,,,,,,,,,,,,,,,,,,,,,,,,,,,,,,,,,,,,,,,,,,,,,,,,,,,,,,,1,,,,,,,,,,1
07013008-7002,7,Chiapas,13,Bochil,008-7,2,2142,2893.3729,013_008-7_002,56288.0103341,30184366.3074,013_008-7_002,,,,,,,,,,,,,,,,,,,,,,,,,,,,,,,,,,,,,,,,,,,,,,,,,,,,,,,,,,,,,,,1,,,,,,,,,,1
07046014-3002,7,Chiapas,46,Jiquipilas,014-3,2,725,6212.9546,046_014-3_002,65493.6592099,62511119.2943,046_014-3_002,,,,,1,,,,,,,,,,,,,,,,,,,,,,,,,,,,,,,,,,,,,,,,,,,,,,,,,,,,,,,,,,,,,,,,,,,,1
07042002-1005,7,Chiapas,42,Ixhuatán,002-1,5,793,786.3768,042_002-1_005,11565.2908503,8335986.57242,042_002-1_005,,,,,,,,,,,,,,,1,,,,,,,,,,,,,,,,,,,,,,,,,,,,,,,,,,,,,,,,,,,,,,,,,,,,,,,,,,1
07019017-A001,7,Chiapas,19,Comitán de Domínguez,017-A,1,69,359.0975,019_017-A_001,8428.87695114,3571664.14866,019_017-A_001,,,,,,,,,,,,,,,,,,,,,,,,,,,,,,,,,,,,,,,,,,,,,,,,,,,,,,,,,,,,,,,3,,,,,,,,,,3
07052007-0002,7,Chiapas,52,Las Margaritas,007-0,2,1,4361.1078,052_007-0_002,26173.489406,43990972.7249,052_007-0_002,,,,,,,,,,,,,,,,,,,,,,,,,,,,,,,,,,,,,,,,,,,,,,,,,,,,,,,,,,,,,,,1,,,,,,,,,,1
07017013-7005,7,Chiapas,17,Cintalapa,013-7,5,171,1285.2985,017_013-7_005,18661.9252615,13538786.5113,017_013-7_005,,,,,,,,,,,,,,,,,,,,,,,,,,,,,,,,,,,,,,,,,,,,,,,,,,,,,,,,1,,,,,,,,,,,,,,,,,1
07108013-3022,7,Chiapas,108,Villaflores,013-3,22,253,198.105,108_013-3_022,7307.36647044,2028502.73543,108_013-3_022,,,,,,,,,,,,,,,,,,,,7,,,,,,,,,,,,,,,,,,,,,,,,,,,,,,,,,,,,,,,,,,,,,,3,,,,,,,10
07018002-6005,7,Chiapas,18,Coapilla,002-6,5,232,1856.7295,018_002-6_005,22626.5329614,18938143.7931,018_002-6_005,,,,,,,,,,,,,,,,,,,,,,,,,,,,,,,,,,,,,,,,,,,,,,,,,,,,,,,,5,,,,,,,,,,,,,,,,,5
07116010-1012,7,Chiapas,116,Marqués de Comillas,010-1,12,70,326.83,116_010-1_012,8864.95892013,3252996.79098,116_010-1_012,,,,,,,,,,,,,,,5,8,,,,4,2,,8,,,,,,,,,,,,,,,,,,,,,,,,,,,,,,,,,,,,,17,,,,7,,,,,,,,,51
07030009-2001,7,Chiapas,30,Chicomuselo,009-2,1,5,1544.2725,030_009-2_001,20716.7129171,15322923.8592,030_009-2_001,,,,,,,,,,,,,,,,,,,,,,,,,,,,,,,,,,,,,,,,,,,,,,,,,,,,,,,,,,,,,,,1,,,,,,,,,,1
07079006-A018,7,Chiapas,79,San Fernando,006-A,18,171,503.8839,079_006-A_018,10586.6509241,5064874.45471,079_006-A_018,,,,,,,,,,,,,,,,,,,,,,,,,,,,,,,,,,,,,,,,,,,,,,,,,,,,,,,,,,,,,,,,,,1,,,,,,,1
07046008-8006,7,Chiapas,46,Jiquipilas,008-8,6,516,3188.9777,046_008-8_006,29674.3547551,33064764.274,046_008-8_006,,,,,,,,,,,,,,,2,,,,,,,,,,,,,,,,,,,,,,,,,,,,,,,,,,,,,,,,,,,,,,,,,,,,,,,,,,2
07065014-9010,7,Chiapas,65,Palenque,014-9,10,12,1210.3571,065_014-9_010,15024.5848576,12097140.3514,065_014-9_010,,,,,,,,,,,,,,,,,,,,,,,,,,,,,,,,,,,,,,,,,,,,,,,,,,,,,,,,,,,,,,,,,,,,,1,,,,1
07108020-3002,7,Chiapas,108,Villaflores,020-3,2,16,564.3872,108_020-3_002,11052.5490715,5613518.18515,108_020-3_002,,,,,,,,,,,,,,,,,,,,,,,,,,,,,,,,,,,,,,,,,,,,,,,,,,,,,,,,,,,,,,,16,,,,,,,,,,16
07050008-0003,7,Chiapas,50,La Libertad,008-0,3,188,2326.6195,050_008-0_003,24152.8256366,23796144.1679,050_008-0_003,,,,,,,,,,,,,,,,,,,,1,,,,,,,,,,,,,,,,,,,,,,,,,,,,,,,,,,,,,,,,,,,,,,,,,,,,,1
07018002-6001,7,Chiapas,18,Coapilla,002-6,1,475,642.6303,018_002-6_001,11665.4979392,6618065.38808,018_002-6_001,,,,,,,,,,,,,,,,,,,,,,,,,,,,,,,,,,,,,,,,,,,,,,,,,,,,,,,,5,,,,,,,,,,,,,,,,,5
07046012-4003,7,Chiapas,46,Jiquipilas,012-4,3,255,2771.2953,046_012-4_003,27137.7757697,28127253.4206,046_012-4_003,,,,,,,,,,,,,,,,,,,,,,,,,,,,,,,,,,,,,,,,,,,,,,,,,,,,,,,,,,,,,,,,,,1,,,,,,,1
07083006-2004,7,Chiapas,83,Socoltenango,006-2,4,193,213.9666,083_006-2_004,6099.48780103,2126475.65405,083_006-2_004,,,,,,,,,,,,,,,,,,,,,,,,,,,,,,,,,,,,,,,,,,,,,,,,,,,,,1,,,,,,,,,,,,,,,,,,,,1
07061014-A008,7,Chiapas,61,Ocozocoautla de Espinosa,014-A,8,53,1125.9293,061_014-A_008,18039.2709238,11218682.0295,061_014-A_008,,,,,,,,,,,,,,,,,,,,,,,,,,,,,,,,,,,,,,,,,,,,,,,,,,,,,,,,,,,,,,,1,,,,,,,,,,1
07061009-9001,7,Chiapas,61,Ocozocoautla de Espinosa,009-9,1,21,4120.3345,061_009-9_001,39824.4767873,41089130.4668,061_009-9_001,,,,,,,,,,,,,,,,,,,,1,,,,,,,,,,,,,,,,,,,,,,,,,,,,,,,,,,,,,,,,,,,,,,,,,,,,,1
07006002-5002,7,Chiapas,6,Amatenango de la Frontera,002-5,2,418,1006.2607,006_002-5_002,16876.371403,10772514.1695,006_002-5_002,,,,,,,,,,,,,,,,,,,,,,,,,,,,,,,,1,,,,,,,,,,,,,,,,,,,,,,,,,,,,,,,6,,,,,,,,,,7
07074005-9006,7,Chiapas,74,Reforma,005-9,6,26,831.8211,074_005-9_006,14102.3109729,8319734.15593,074_005-9_006,,,,,,,,,,,,,,,,,,,,,,,,,,,,,,,,,,,,,,,,,,,,,,,,,,,,,,,,,,,,,,,,,,,,,1,,,,1
07068007-0009,7,Chiapas,68,Pichucalco,007-0,9,85,477.4119,068_007-0_009,9931.96706269,4770361.86481,068_007-0_009,,,,,,,,,,,,,,,,,,,,1,,,,,,,,,,,,,,,,,,,,,,,,,,,,,,,,,,,,,,,,,,,,,,,,,,,,,1
07032005-9045,7,Chiapas,32,Escuintla,005-9,45,31,119.4583,032_005-9_045,8807.02996005,1192302.61437,032_005-9_045,,,,,,,,,,,,,,,,,,,,,,,,,,,,,,,,,,,,,,,,,,,,,,,,,,,,,,,,,,,,,,,,,,6,,,,,,,6
07067002-0001,7,Chiapas,67,Pantepec,002-0,1,39,204.5195,067_002-0_001,7507.53436538,2069487.00039,067_002-0_001,,,,,,,,,,,,,,,,,,,,,,,,,,,,,,,,,,,,,,,,,,,,,,,,,,,,,,,,,,,,,,,1,,,,,,,,,,1
07041003-9001,7,Chiapas,41,La Independencia,003-9,1,1376,1949.3624,041_003-9_001,32173.6914709,21828870.5832,041_003-9_001,,,,,,,,,,,,,,,,,,,,,,,,,,,,,,,,,,,,,,,,,,,,,,,,,,,,,,,,,,,,,,,1,,,,,,,,,,1
07035001-2004,7,Chiapas,35,Frontera Hidalgo,001-2,4,16,377.0421,035_001-2_004,9865.73916807,3723147.47663,035_001-2_004,,,,,,,,,,,,,,,,,,,,,,,,,,,,,,,,,,,,,,,,,,,,,,,,,,,,,,,,,,,,,,,,,,,,,1,,,,1
07107023-A008,7,Chiapas,107,Villa Corzo,023-A,8,16,523.6112,107_023-A_008,13313.0321756,5200585.39797,107_023-A_008,,,,,,,,,,,,,,,,,,,,,,,,,,,,,,,,,,,,,,,,,,,,,,,,,,,,,,,,,,,,,,,1,,,,,,,,,,1
07102003-6018,7,Chiapas,102,Tuxtla Chico,003-6,18,59,548.7531,102_003-6_018,13562.1006851,5420719.95858,102_003-6_018,,,,,,,,,,,,,,,1,,,,,,,,,,,,,,,,,,,,,,,,,,,,,,,,,,,,,,,,,,,,,,,,,,,,,,,,,,1
07027006-3003,7,Chiapas,27,Chiapa de Corzo,006-3,3,299,952.4884,027_006-3_003,17333.1816827,9488582.83648,027_006-3_003,,,,,,,,,,,,,,,,,,,,1,,,,,,,,,,,,,,,,,,,,,,,,,,,,,,,,,,,,,,,,,,,,,,,,,,,,,1
07061014-A005,7,Chiapas,61,Ocozocoautla de Espinosa,014-A,5,551,2401.3575,061_014-A_005,27706.6595995,24983610.1988,061_014-A_005,,,,,,,,,,,,,,,,,,,,1,,,,,,,,,,,,,,,,,,,,,,,,,,,,,,,,,,,,,,,,,,,,,,,,,,,,,1
07009004-6003,7,Chiapas,9,Arriaga,004-6,3,54,2158.0387,009_004-6_003,34789.8942918,21637525.9576,009_004-6_003,,,,,,,,,,,,,,,,,,,,,,,,,,,,,,,,,,,,,,,,,,,,,,,,,,,,,,,,,,,,,,,18,,,1,,,,,,,19
07046012-4009,7,Chiapas,46,Jiquipilas,012-4,9,58,347.5536,046_012-4_009,8195.1810546,3583785.76551,046_012-4_009,,,,,,,,,,,,,,,,,,,,,,,,,,,,,,,,,,,,,,,,,,,,,,,,,,,,,,,,,,,,,,,6,,,,,,,,,,6
07046010-5014,7,Chiapas,46,Jiquipilas,010-5,14,53,279.2662,046_010-5_014,9767.99060772,2779045.52544,046_010-5_014,,,,,,,,,,,,,,,,,,,,,,,,,,,,,,,,,,,,,,,,,,,,,,,,,,,,,,,,,,,,,,,2,,,,,,,,,,2
07034007-2001,7,Chiapas,34,Frontera Comalapa,007-2,1,29,1057.6999,034_007-2_001,14518.4990475,10496880.3685,034_007-2_001,,,,,,,,,,,,,,,,,,,,,,,,,,,,,,,,,,1,,,,,,,,,,,,,,,,,,,,,,,,,,,,,,,,,,,,,,,1
07013003-4008,7,Chiapas,13,Bochil,003-4,8,600,1353.831,013_003-4_008,22109.2670845,13503830.0423,013_003-4_008,,,,,,,,,,,,,,,,,,,,,,,,,,,,,,,,,,,,,,,,,,,,,,,,,,,,,,,,4,,,,,,,,,,,,,,,,,4
07065010-0002,7,Chiapas,65,Palenque,010-0,2,8,756.9852,065_010-0_002,13568.8178275,7569890.91912,065_010-0_002,,,,,,,,,,,,,,,,,,,,,,,,,,,,,,,,,,,,,,,,,,,1,,,,,,,,,,,,,,,,,,,,,,,,,,,,,,1
07038001-4009,7,Chiapas,38,Huixtán,001-4,9,108,79.0386,038_001-4_009,3889.23808166,787452.422646,038_001-4_009,,,,,,,,,,,,,,,,,,,,,,,,,,,,,,,,,,,,,,,,,,,,,,,,,,,,,,,,,,,,,,,33,,,,,,,,,,33
07067002-0003,7,Chiapas,67,Pantepec,002-0,3,223,383.5805,067_002-0_003,9361.83751405,4003652.40567,067_002-0_003,,,,,,,,,,,,,,,,,,,,,,,,,,,,,,,,,,,,,,,,,,,,,,,,,,,,,,,,2,,,,,,,,,,,,,,,,,2
07023001-1003,7,Chiapas,23,Chamula,001-1,3,5117,6990.5059,023_001-1_003,41306.6235448,69673297.1313,023_001-1_003,,,,,,,,,,,,,,,,,,,,,,,,,,,,,,,,,,,,,,,,,,,,,,,,,,,,,,,,,,,,,,,12,,,,10,,,,,,22
07102003-6023,7,Chiapas,102,Tuxtla Chico,003-6,23,45,240.5105,102_003-6_023,10953.5043466,2376607.76427,102_003-6_023,,,,,,,,,,,,,,,,,,,,,,,,,,,,,,,,,,,,,,,,,,,,,,,,,,,,,,,,,,,,,,,,,,1,,,,,,,1
07116011-6007,7,Chiapas,116,Marqués de Comillas,011-6,7,185,1710.7889,116_011-6_007,19175.7851191,17402497.2805,116_011-6_007,,,,,,,,,,,,,,,8,,,,,5,2,2,16,,,,,,,,,,,,,,,,,,,,,,,,,,,2,,,,,,,,,,1,,,,,,,,,,,,,36
07075005-6012,7,Chiapas,75,Las Rosas,005-6,12,18,56.619,075_005-6_012,3359.52660346,563305.22626,075_005-6_012,,,,,,,,,,,,,,,,,,,,,,,,,,,,,,,,,,,,,,,,,,,,,,,,,,,,,,,,,,,,,,,18,,,,,,,,,,18
07108020-3009,7,Chiapas,108,Villaflores,020-3,9,142,2280.6151,108_020-3_009,33226.592386,22982679.211,108_020-3_009,,,,,,,,,,,,,,,,,,,,,,,,,,,,,,,,,,,,,,,,,,,,,,,,,,,,,,,,,,,,,,,10,,,,,,,,,,10
07012003-7003,7,Chiapas,12,Berriozábal,003-7,3,262,1815.8727,012_003-7_003,36598.0124016,19059878.3654,012_003-7_003,,,,,,,,,,,,,,,,,,,,1,,,,,,,,,,,,,,,,,,,,,,,,,,,,,,,,,,,,,,,,,,,,,,,,,,,,,1
07080006-0001,7,Chiapas,80,Siltepec,006-0,1,344,2960.8826,080_006-0_001,23251.0980795,29348264.6794,080_006-0_001,,,,,,,,,,,,,,,,,,,,,,,,,,,,,,,,1,,,,,,,,,,,,,,,,,,,,,,,,,,,,,,,,,,,,,,,,,1
07065015-3007,7,Chiapas,65,Palenque,015-3,7,9,1339.7528,065_015-3_007,17597.4425966,13391862.0229,065_015-3_007,,,,,,,,,,,,,,,,,,,,1,,,,,,,,,,,,,,,,,,,,,,,,,,,,,,,,,,,,,,,,,,,,,,,,,,,,,1
07094004-7005,7,Chiapas,94,Teopisca,004-7,5,756,2357.9145,094_004-7_005,32651.7529158,23635645.4077,094_004-7_005,,,,,,,,,,,,,,,,,,,,,,,,,,,,,,,,,,,,,,,,,,,,,,,,,,,,,,,,,,,,,,,3,,,,,,,,,,3
07020011-3012,7,Chiapas,20,La Concordia,011-3,12,17,1496.3386,020_011-3_012,23136.3265523,14858894.6647,020_011-3_012,,,,,,,,,,,,,,,,,,,,,,,,,,,,,,,,,,,,,,,,,,,,,,,,,,,,,,,,,,,,,,,1,,,,,,,,,,1
07111001-6003,7,Chiapas,111,Zinacantán,001-6,3,88,318.78,111_001-6_003,7873.34533511,3176389.10287,111_001-6_003,,,,,,,,,,,,,,,,,,,,,,,,,,,,,,,,,,,,,,,,,,,,,,,,,,,,,,,,,,,,,,,73,,,,,,,,,,73
07012005-6004,7,Chiapas,12,Berriozábal,005-6,4,1045,1392.9106,012_005-6_004,35946.6301214,14493887.903,012_005-6_004,,,,,,,,,,,,,,,,,,,,,,,,,,,,,,,,,,,,,,,,,,,,,,,,,,,,,,,,,,,,,2,,,,,,,,,,,,2
07108009-7008,7,Chiapas,108,Villaflores,009-7,8,298,1112.393,108_009-7_008,36311.5048421,11357214.572,108_009-7_008,,,,,,,,,,,,,,,,,,,,,1,,,,,,,,,,,,,,,,,,,,,,,,,,,,,,,,,,,,,,,,,,,,,,,,,,,,1
07061013-5014,7,Chiapas,61,Ocozocoautla de Espinosa,013-5,14,234,530.1636,061_013-5_014,11154.2320532,5744494.91374,061_013-5_014,,,,,,,,,,,,,,,,,,,,,,,,,,,,,,,,,,,,,,,,,,,,1,,,,,,,,,,,,,,,,,,,,,,1,,,,,,,2
07061010-1028,7,Chiapas,61,Ocozocoautla de Espinosa,010-1,28,41,523.064,061_010-1_028,11262.3488623,5215260.94628,061_010-1_028,,,,,,,,,2,,,,,,,,,,,1,,,,,,,,,,,,,,,,,,,,,,,,,,,,,,,,,,,,,,,,,,,,,,,,,,,,,3
07046016-2004,7,Chiapas,46,Jiquipilas,016-2,4,95,1580.9774,046_016-2_004,17065.4083561,15964900.4835,046_016-2_004,,,,,,,,,,,,,,,,,,,,,,,,,,,,,,,,,,,,,,,,,,,,,,,,,,,,,,,,,,,,,,,2,,,,,,,,,,2
07021002-1011,7,Chiapas,21,Copainalá,002-1,11,68,731.5728,021_002-1_011,12844.655341,7300898.23997,021_002-1_011,,,,,,,,,,,,,,,,,,,,,,,,,,,,,,,,1,,,,,,,,,,,,,,,,,,,,,,,,,,,,,,,,,,,,,,,,,1
07042001-7007,7,Chiapas,42,Ixhuatán,001-7,7,907,899.003,042_001-7_007,20876.472754,9397075.8073,042_001-7_007,,,,,,,,,,,,,,,,,,,,7,,,,,,,,,,,,,,,,,,,,,,,,,,,,,,,,,,,,,,,,,,,,,,,,,,,,,7
07034005-3005,7,Chiapas,34,Frontera Comalapa,005-3,5,10,157.4976,034_005-3_005,9489.89045561,1562676.73371,034_005-3_005,,,,,,,,,,,,,,,,,,,,,,,,,,,,,,,,,,4,,,,,,,,,,,,,,,,,,,,,,,,,,,,,,,,,,,,,,,4
07041006-2014,7,Chiapas,41,La Independencia,006-2,14,205,151.0543,041_006-2_014,5293.63270727,1618655.0315,041_006-2_014,,,,,,,,,,,,,,,,,,,,,,,,1,,,,,,1,,,,,,,,,,,,,,,,,,,,,,,,,,,,,,,,,,,,,,,,,,,2
07099012-8019,7,Chiapas,99,La Trinitaria,012-8,19,300,512.9009,099_012-8_019,14366.8141721,5397491.10114,099_012-8_019,,,,,,,,,,,,,,,,,,,,,,,,,,,,,,,,,,,,,,,,,,,,,,,,,,,,,,,,,,,,,,,2,,,,,,,,,,2
07065020-4009,7,Chiapas,65,Palenque,020-4,9,117,1035.4691,065_020-4_009,13377.1739003,10819505.2675,065_020-4_009,,,,,,,,,,,,,,,,,,,,1,,,,,,,,,,,,,,,,,,,,,,,,,,,,,,,,,,,,,,,,,,,,,,,,,,,,,1
07065011-5009,7,Chiapas,65,Palenque,011-5,9,6,552.6752,065_011-5_009,10810.2718534,5525402.99867,065_011-5_009,,,,,,,,,,,,,,,,,,,,,,,,,,,,,,,,,,,,,,,,,,,,,,,,,,,,,,,,,,,,,,,,,,,,,1,,,,1
07089029-7009,7,Chiapas,89,Tapachula,029-7,9,135,880.1242,089_029-7_009,15636.2422852,9193776.43897,089_029-7_009,,,,,,,,,,,,,,,,,,,,1,,,,,,,,,,,,,,,,,,,,,,,,,,,,,,,,,,,,,,,,,,,,,,,,,,,,,1
07071003-8012,7,Chiapas,71,Villa Comaltitlán,003-8,12,1243,3094.282,071_003-8_012,48707.2315014,32379413.8926,071_003-8_012,,,,,,,,,,,,,,,,,,,,,,,,,,,,,,,,,,,,,,,,,,,,,,,,,,,,1,,,,,,,,,,,,,,,,,,,,,1
07079005-5001,7,Chiapas,79,San Fernando,005-5,1,674,785.2347,079_005-5_001,17461.5731831,7904929.03528,079_005-5_001,,,,,,,,,,,,,,,,,,,,2,,,,,,,,,,,,,,,,,,,,,,,,,,,,,,,,,,,,,,,,,,,,,,,,,,,,,2
07079004-0008,7,Chiapas,79,San Fernando,004-0,8,429,560.816,079_004-0_008,11620.780865,5784065.11923,079_004-0_008,,,,,,,,,,,,,,,,,,,,1,,,,,,,,,,,,,,,,,,,,,,,,,,,,,,,,,,,,,,,,,,,,,,,,,,,,,1
07046016-2011,7,Chiapas,46,Jiquipilas,016-2,11,8,1868.9056,046_016-2_011,23951.1101046,18590766.3988,046_016-2_011,,,,,,,,,,,,,,,,,,,,,,,,,,,,,,,,,,,,,,,,,,,,,,,,,,,,,,,,,,,,,,,3,,,,,,,,,,3
07086002-6001,7,Chiapas,86,Suchiapa,002-6,1,309,1321.6703,086_002-6_001,25759.7480421,13171955.1297,086_002-6_001,,,,,,,,,,,,,,,,,,,,,,,,,,,,,,,,,,,,,,,,,,24,,,,,,,,,,,,,,,,,,,,,,,,,,,,,,,24
07017029-8013,7,Chiapas,17,Cintalapa,029-8,13,27,590.6561,017_029-8_013,11057.5161152,6133923.07402,017_029-8_013,,,,,,,,,,,,,,,,,,,,,,,,,,,,,,,,,,,,,,,,,,,,,,,,,,,,,,,,,,,,,,,4,,,,,,,,,,4
07017021-1020,7,Chiapas,17,Cintalapa,021-1,20,254,253.545,017_021-1_020,7394.18109131,2757700.02174,017_021-1_020,,,,,,,,,,,,,,,,,,,,1,,,,,,,,,,,,,,,,,,,,,,,,,,,,,,,,,,,,,,,,,,,,,,,,,,,,,1
07031019-3003,7,Chiapas,31,Chilón,019-3,3,326,229.4362,031_019-3_003,6665.32370295,2459883.69711,031_019-3_003,,,,,,,,,,,,,,,,,,,,,,,,,,,,,,,,,,,,,,,,,,,,,,,,,,,,,,,,,,,,,,,1,,,,,,,,,,1
07030010-5002,7,Chiapas,30,Chicomuselo,010-5,2,549,1764.2195,030_010-5_002,32667.1055717,18308788.6546,030_010-5_002,,,,,,,,,,,,,,,,,,,,3,,,,,,,,,,,,,,7,,,,,,,,,,,,,,,,,,,,,,,,,,,,,,,,,,,,,,,10
07017020-7002,7,Chiapas,17,Cintalapa,020-7,2,7,1002.1357,017_020-7_002,21679.2160989,9984199.71628,017_020-7_002,,,,,,,,,,,,,,,,,,,,,,,,,,,,,,,,,,,,,,,,,,,,,,,,,,,,,,,,,,,,,,,5,,,,,,,,,,5
07071003-8005,7,Chiapas,71,Villa Comaltitlán,003-8,5,26,383.1977,071_003-8_005,10455.1781738,3792276.83757,071_003-8_005,,,,,,,,,,,,,,,,,,,,1,,,,,,,,,,,,,,,,,,,,,,,,,,,,,,,,,,,,,,,,,,,,,,,,,,,,,1
07065009-8007,7,Chiapas,65,Palenque,009-8,7,47,844.2914,065_009-8_007,17713.8533733,8442354.71569,065_009-8_007,,,,,,,,,,,,,,,,,,,,,,,,,,,,,,,,,,,,,,,,,,,1,,,,,,,,,,,,,,,,,,,,,,,,,,,,,,1
07107019-3014,7,Chiapas,107,Villa Corzo,019-3,14,71,993.6158,107_019-3_014,18123.9168022,9871267.25746,107_019-3_014,,,,,,,,,,,,,,,,,,,,,,,1,,,,,,,,,,,,,,,,,,,,,,,,,,,,,,,,,,,,,,,,,,,,1,,,,,,2
07115004-9001,7,Chiapas,115,Maravilla Tenejapa,004-9,1,271,2005.9589,115_004-9_001,26446.0032136,20434133.1878,115_004-9_001,,,,,,,,,,,,,,,,,,,,1,,,,,,,,,,,,,,,,,,,,,,,,,,,,,,,,,,,,,,,,,,,,,,,,,,,,,1
07116009-9002,7,Chiapas,116,Marqués de Comillas,009-9,2,88,2446.0703,116_009-9_002,25112.0769834,24648818.8264,116_009-9_002,,,,,,,,,,,,,,,,,,,,,,,,,,,,,,,,,,,,,,1,,,,,,,,,,,,,,,,,,,,,,,,,,,,,,,,,,,1
07059025-A010,7,Chiapas,59,Ocosingo,025-A,10,210,1869.5116,059_025-A_010,23207.6749366,18641296.1332,059_025-A_010,,,,,,,,,,,,,,,,,,,,,,,,,,,,,,,,,,,,,,,,,,,,,,,,,,,,,,,,,,,,,,,2,,,,,,,,,,2
07106009-2002,7,Chiapas,106,Venustiano Carranza,009-2,2,39,851.3037,106_009-2_002,12891.3143102,8474235.87015,106_009-2_002,,,,,,,,,,,,,,,,,,,,,,,,,,,,,,,,,,,,,,,,,,,,,,,,,,,,,,,,,,,,,,,38,,,,,,,,,,38
07090001-4001,7,Chiapas,90,Tapalapa,001-4,1,464,6210.7067,090_001-4_001,44278.3293667,62143063.2489,090_001-4_001,,,,,,,,,,,,,,,,,,,,,,,,,,,,,,,,,,,,,,,,,,,,,,,,,,,,,,,,,,,,,,,2,,,,,,,,,,2
07017026-4007,7,Chiapas,17,Cintalapa,026-4,7,12,513.7009,017_026-4_007,15179.1181715,5115400.88851,017_026-4_007,,,,,,,,,,,,,,,,,,,,1,,,,,,,,,,,,,,,,,,,,,,,,,,,,,,,,,,,,,,,,,,,,,,,,,,,,,1
07107020-6023,7,Chiapas,107,Villa Corzo,020-6,23,50,249.351,107_020-6_023,6928.62500393,2491132.6775,107_020-6_023,,,,,,,,,,,,,,,,,,,,,,,,,,,,,,,,,,,,,,,,,,,,,,,,,,,,,,,,,,,,,,,1,,,,,,,,,,1
07047003-2009,7,Chiapas,47,Jitotol,003-2,9,1563,1839.7985,047_003-2_009,25651.0216419,18937894.7876,047_003-2_009,,,,,,,,,,,,,,,,,,,,,,,,,,,,,,,,,,,,,,,,,,,,,,,,,,,,,,,,,,,,,,,137,,,,,,,,,,137
07026002-8003,7,Chiapas,26,Chenalhó,002-8,3,175,292.6436,026_002-8_003,7252.4896355,2917950.34245,026_002-8_003,,,,,,,,,,,,,,,,,,,,,,,,,,,,,,,,,,,,,,,,,,,,,,,10,,,,,,,,,,,,,,,,,,,,,,,,,,10
07044003-0003,7,Chiapas,44,Ixtapa,003-0,3,733,1258.6842,044_003-0_003,16264.7632135,13854695.8231,044_003-0_003,,,,,,,,,,,,,,,,,,,,,,,,,,,1,,,,,,,,,,,,,,,,,,,,,,,,,,,,,,,,,,,,,,,,,,,,,,1
07108007-8009,7,Chiapas,108,Villaflores,007-8,9,705,3410.471,108_007-8_009,30370.523536,34774916.1117,108_007-8_009,,,,,,,,,,,,,,,,,,,,3,,,,,,,,,,,,,,,,,,,,,,,,,,,,,,,,,,,,,,,,,,,,,,,,,,,,,3
07019014-6011,7,Chiapas,19,Comitán de Domínguez,014-6,11,455,320.0025,019_014-6_011,9545.52138602,4108066.20969,019_014-6_011,,,,,,,,,,,,,,,,,,,,4,6,,,,,,,,,,,,2,,,,,,,,,,,,,,,,,,,,,,,,,,,,,,8,,,,,,,,,,20
07075005-6011,7,Chiapas,75,Las Rosas,005-6,11,22,95.3766,075_005-6_011,4101.18081415,948886.946923,075_005-6_011,,,,,,,,,,,,,,,,,,,,,,,,,,,,,,,,,,,,,,,,,,,,,,,,,,,,,,,,,,,,,,,13,,,,,,,,,,13
07017011-8009,7,Chiapas,17,Cintalapa,011-8,9,342,1488.8207,017_011-8_009,17036.0782256,15260665.9302,017_011-8_009,,,,,,,,,,,,,,,1,,,,,1,,,,,,,,,,,,,,,,,,,,,,,,,,,,,,,,,,,,,,,,,,,,,,,,,,,,,2
07100004-6008,7,Chiapas,100,Tumbalá,004-6,8,1453,2562.3282,100_004-6_008,20528.7729158,26280583.5725,100_004-6_008,,,,,,,,,,,,,,,,,,,,2,,,,,,,,,,,,,,,,,,,,,,,,,,,,,,,,,,,,,,,,,,,,,,,,,,,,,2
07034009-1011,7,Chiapas,34,Frontera Comalapa,009-1,11,425,1348.2673,034_009-1_011,15630.2728676,14769808.395,034_009-1_011,,,,,,,,,,,,,,,,,,,,,,,,,,,,,,,,,,,,,,,,,,,,,,,,,,,,,,1,,,,,,,,,,,,,,,,,,,1
07057005-8017,7,Chiapas,57,Motozintla,005-8,17,442,481.0651,057_005-8_017,10366.6404194,4902828.94681,057_005-8_017,,,,,,,,,,,,,,,,,,,,,,,,,,,,,,,,,,,,,,,,,,,,,,,1,,,,,,,,,,,,,,,,2,,,,,,,,,,3
07114014-5003,7,Chiapas,114,Benemérito de las Américas,014-5,3,226,3921.7975,114_014-5_003,26340.1633483,40124469.7073,114_014-5_003,,,,,,,,,,,,,,,,,,,,,,,,,,,,,,,,,,,,,,,,,,,1,,,,,,,,,,,,,,,,,,,,,,,,,,,,,,1
07051011-A027,7,Chiapas,51,Mapastepec,011-A,27,3,81.8604,051_011-A_027,3747.79492746,810779.84672,051_011-A_027,,,,,,,,,,,,,,,,,,,,1,,,,,,,,,,,,,,,,,,,,,,,,,,,,,,,,,,,,,,,,,,,,,,,,,,,,,1
07046011-A013,7,Chiapas,46,Jiquipilas,011-A,13,6,1268.2072,046_011-A_013,27662.1265145,12619883.0148,046_011-A_013,,,,,,,,,,,,,,,,,,,,,,,,,,,,,,,,,,,,,,,,,,,,,,,,,,,,,,,,,,,,,,,5,,,,,,,,,,5
07046009-2002,7,Chiapas,46,Jiquipilas,009-2,2,537,2271.8862,046_009-2_002,24255.7397046,23657559.0981,046_009-2_002,,,,,,,,1,,,,,,,1,,,,,1,,,,,,,,,,,1,1,,,,,,,,,,,,,,,,,,,,,,,,1,,,,,,,7,,,,,,,,,,13
07116006-5006,7,Chiapas,116,Marqués de Comillas,006-5,6,183,3802.8789,116_006-5_006,27395.5642443,38459668.107,116_006-5_006,,,,,,,,,,,,,,,,,,,,,,,,,,,,,,,,,,,,,,7,,,,,,,,,,,1,,,,,,,,,,,,,,,,1,,,,,,,,9
07054003-7013,7,Chiapas,54,Mazatán,003-7,13,15,146.4387,054_003-7_013,26723.8145794,2319437.54837,054_003-7_013,,,,,,,,,,,,,,,,,,,,,,,,,,,,,,,,,,,,,,,,,,,,,,,,,,,1,,,,,,,,,,,,,,,,,,,,,,1
07019011-2003,7,Chiapas,19,Comitán de Domínguez,011-2,3,4,357.2252,019_011-2_003,8894.08167545,3554793.77195,019_011-2_003,,,,,,,,,,,,,,,,,,,,,,,,,,,,,,,,,,,,,,,,,,,,,,,,,,,,,,,,,,,,,,,2,,,,,,,,,,2
07017028-3013,7,Chiapas,17,Cintalapa,028-3,13,25,247.9825,017_028-3_013,9375.59506716,2467830.70949,017_028-3_013,,,,,,,,,,,,,,,,,,,,,,,,,,,,,,,,,,,,,,,,,,,,,,,,,,,,,,,,,,,,,,,6,,,,,,,,,,6
07056001-2002,7,Chiapas,56,Mitontic,001-2,2,2131,2771.6961,056_001-2_002,24718.546793,27631144.8216,056_001-2_002,,,,,,,,,,,,,,,,,,,,,,,,,,,,,,,,,,,,,,,,,,,,,,,48,,,,,,,,,,1,,,,,,,,,,,,,,,,49
07015002-4025,7,Chiapas,15,Cacahoatán,002-4,25,545,486.2398,015_002-4_025,15899.7964252,5633344.87565,015_002-4_025,,,,,,,,,,,,,,,,,,,,,,,,,,,,,,,,,,,,,,,,,,,,,,,,,,,,,,,,,,,,,,,,,,1,,,,,,,1
07017016-0002,7,Chiapas,17,Cintalapa,016-0,2,4,860.7145,017_016-0_002,18458.8427797,8577942.99579,017_016-0_002,,,,,,,,,,,,,,,,,,,,,,,,,,,,,,,,,,,,,,,,,,,,,,,,,,,,,,,,,,,,,,,1,,,,,,,,,,1
07027009-7003,7,Chiapas,27,Chiapa de Corzo,009-7,3,27,366.0632,027_009-7_003,8965.38987192,3643858.69367,027_009-7_003,,,,,,,,,,,,,,,22,1,,,,3,,,,,,,,,,,,,,,,,,,,,,,,,,,,,,,,,,,,,,,,,,,,,,,,,,,,,26
07061016-9003,7,Chiapas,61,Ocozocoautla de Espinosa,016-9,3,475,946.7211,061_016-9_003,18100.3612624,10071641.4706,061_016-9_003,,,,,,,,,,,,,,,,,,,,3,,,,,,,,,,,,,,,,,,,,,,,,,,,,,,,,,,,,,,,,,,,,,,,,,,,,,3
07065002-6003,7,Chiapas,65,Palenque,002-6,3,55,699.412,065_002-6_003,10867.5872883,6998774.69622,065_002-6_003,,,,,,,,,,,,,,,,,,,,,,,,,,,,,,,,,,,1,,,,,,,,,,,,,,,,,,,,,,,,,,,,,,,,,,,,,,1
07077013-5004,7,Chiapas,77,Salto de Agua,013-5,4,170,592.6431,077_013-5_004,10402.700256,6046024.70491,077_013-5_004,,,,,,,,,,,,,,,1,,,,,,,,,,,,,,,,,,,,,,,,,,,,,,,,,,,,,,,,,,,,,,,,,,,,,,,,,,1
07044002-6004,7,Chiapas,44,Ixtapa,002-6,4,1052,727.2779,044_002-6_004,15794.3709717,7594067.50584,044_002-6_004,,,,,,,,,,,,,,,,,,1,,,,,,,,,,,,,,,,,,,,,,,,,,,,,,,,,,,,,,,,,,,,,,,,,,,,,,,1
07017012-2001,7,Chiapas,17,Cintalapa,012-2,1,52,2164.7548,017_012-2_001,20893.5331541,21578585.2698,017_012-2_001,,,,,,,,,,,,,,,,,,,,,,,,,,,,,,,,,,,,,,,,,,,,,,,,,,,,,,,,,,,,,,,52,,,,,,,,,,52
07108021-8015,7,Chiapas,108,Villaflores,021-8,15,100,1006.8776,108_021-8_015,19688.3815547,10116457.9253,108_021-8_015,,,,,,,,,,,,,,,,,,,,4,,,,,,,,,,,,,,,,,,,,,,,,,,,,,,,,,,,,,,,,,,,38,,,,,,,,,,42
07017011-8016,7,Chiapas,17,Cintalapa,011-8,16,257,1311.6542,017_011-8_016,16884.97765,13308057.7316,017_011-8_016,,,,,,,,,,,,,,,,,,,,1,,,,,,,,,,,,,,,,,,,,,,,,,,,,,,,,,,,,,,,,,,,,,,,,,,,,,1
07057005-8009,7,Chiapas,57,Motozintla,005-8,9,1497,2750.8776,057_005-8_009,35689.402847,27729493.7844,057_005-8_009,,,,,,,,,,,,,,,,,,,,,,,,,,,,,,,,,,,,,,,,,,,,,,,5,,,,,,,,,,,,,,,,4,,,,,,,,,,9
07116011-6012,7,Chiapas,116,Marqués de Comillas,011-6,12,230,4726.4592,116_011-6_012,36118.9884503,48195183.972,116_011-6_012,,,,,,,,,,,,,,,9,1,,,,10,,,6,,,,,,,,,,,,,,,,,,,,,,,,,,,,,,,,,,,,,3,,,,8,,,,,,,,,37
07020009-6009,7,Chiapas,20,La Concordia,009-6,9,5,2212.1231,020_009-6_009,28356.1902522,21974284.523,020_009-6_009,,,,,,,,,,,,,,,,,,,,,,,,,,,,,,,,,,,,,,,,,,,,,,,,,,,,,,,,,,,,,,,2,,,,,,,,,,2
07107012-1014,7,Chiapas,107,Villa Corzo,012-1,14,169,423.9177,107_012-1_014,9209.32509403,4217911.23121,107_012-1_014,,,,,,,,,,,,,,,,,,,,,,,,,,,,,,,,,,,,,,,,,,,,,,,,,,,,,,,,,,,,,,,4,,,,15,,,,,,19
07041012-8019,7,Chiapas,41,La Independencia,012-8,19,15,9.7927,041_012-8_019,1815.00906978,97400.2193037,041_012-8_019,,,,,,,,,,,,,,,,,,,,,,,,,,,,,,10,,,,,,,,,,,,,,,,,,,,,,,,,,,,,,,,,,,,,,,,,,,10
07020006-2014,7,Chiapas,20,La Concordia,006-2,14,312,1735.6811,020_006-2_014,26264.4602945,19138618.2756,020_006-2_014,,,,,,,,,,,,,,,,,,,,1,,,,,,,,,,,,,,,,,,,,,,,,,,,,,,,,,,,,,,,,,,,,,,,,,,,,,1
07017014-1002,7,Chiapas,17,Cintalapa,014-1,2,285,1689.6673,017_014-1_002,19041.4957711,17334486.5133,017_014-1_002,,,,,,,,,,,,,,,,,,,,9,,,,,,,,,,,,,,,,,,,,,,,,,,,,,,,,,,,,6,,,,,,,,,,,,,,,,,15
07046011-A006,7,Chiapas,46,Jiquipilas,011-A,6,223,1102.1305,046_011-A_006,24452.445867,11092476.2782,046_011-A_006,,,,,,,,,,,,,,,,,,,,,,,,,,,,,,,,,,,,,,,,,,,,,,,,,,,,,,,,,,,,,,,1,,,,,,,,,,1
07077003-1008,7,Chiapas,77,Salto de Agua,003-1,8,20,429.5491,077_003-1_008,8803.20104289,4293628.99496,077_003-1_008,,,,,,,,,,,,,,,,,,,,,,,,,,,,,,,,,,,,,,,,,,,,,,,,,,,,,,,,,,,,,,,,,,,,,1,,,,1
07106008-8013,7,Chiapas,106,Venustiano Carranza,008-8,13,222,547.9041,106_008-8_013,11834.6777527,5497672.16227,106_008-8_013,,,,,,,,,,,,,,,,,,,,,,,,,,,,,,,,,,,,,,,,,,,,,,,,,,,,,1,,,,,,,,,,,,,,,,,,,,1
07013004-9002,7,Chiapas,13,Bochil,004-9,2,50,464.8254,013_004-9_002,12263.5980377,4636601.49673,013_004-9_002,,,,,,,,,,,,,,,,,,,,,,,,,,,,,,,,,,,,,,,,,,,,,,,,,,,,,,,,,,,,,,,1,,,,,,,,,,1
07083003-9009,7,Chiapas,83,Socoltenango,003-9,9,288,630.1933,083_003-9_009,12486.1113082,6415801.72782,083_003-9_009,,,,,,,,,,,,,,,,,,,,1,,,,,,,,,,,,,,,,,,,,,,,,,,,,,,,,,,,,,,,,,,,,,,,,,,,,,1
07044003-0019,7,Chiapas,44,Ixtapa,003-0,19,82,44.8587,044_003-0_019,7684.90952304,504322.099338,044_003-0_019,,,,,,,,,,,,,,,,,,,,,,,,,,,,,,,,,,,,,,,,,,,,,,,,,,,,,,,,,,,,,,,,,,,1,,,,,,1
07046005-4010,7,Chiapas,46,Jiquipilas,005-4,10,174,1659.9661,046_005-4_010,33542.3596926,16908419.6534,046_005-4_010,,,,,,,,,,,,,,,,,,,,,,,,,,,,,,,,,,,,,,,,,,,,,,,,,,,,,,,,,,,1,,,,,,,,,,,,,,1
07017021-1015,7,Chiapas,17,Cintalapa,021-1,15,310,465.0562,017_021-1_015,9823.50566276,4916378.6516,017_021-1_015,,,,,,,,5,,,,,,,,,,,,,,,,,,,,,,,,,,,,,,,,,,,,,,,,,,,,,,,,,,,,,,,,,,,,,,,,,5
07021004-0017,7,Chiapas,21,Copainalá,004-0,17,36,268.1604,021_004-0_017,7090.48482723,2674921.11901,021_004-0_017,,,,,,,,,,,,,,,,,,,,,,,,,,,,,,,,1,,,,,,,,,,,,,,,,,,,,,,,,,,,,,,,,,,,,,,,,,1
07023003-0001,7,Chiapas,23,Chamula,003-0,1,4690,10162.7497,023_003-0_001,52566.4888586,101287095.234,023_003-0_001,,,,,,,,,,,,,,,,,,1,,,,,,,,,,,,,,,,,,,,,,,,,,,,,6,,,,,,,,,,,,,,,,31,,,,,,,,,,38
07115002-A001,7,Chiapas,115,Maravilla Tenejapa,002-A,1,382,1883.2894,115_002-A_001,21343.567149,19085132.398,115_002-A_001,,,,,,,,2,,,,,,1,3,,,,,3,,,,,,,,,,,,,,,,,,,,,,,,,,,,,,,,,,,,,,,,,,,,,,,,,,,,3,12
07015003-9003,7,Chiapas,15,Cacahoatán,003-9,3,55,354.8672,015_003-9_003,11848.9966062,3509266.11624,015_003-9_003,,,,,,,,,,,,,,,,,,,,1,,,,,,,,,,,,,,,,,,,,,,,,,,,,,,,,,,,,,,,,,,,,,,1,,,,,,,2
07061021-A002,7,Chiapas,61,Ocozocoautla de Espinosa,021-A,2,922,7264.665,061_021-A_002,52283.7406735,74585935.7175,061_021-A_002,,,,,,,,,,,,,,,,,,,,1,,,,,,,,,,,,,,,,,,,,,,,,,,,,,,,,,,,,,,,,,,,,,,,,,,,,,1
07017014-1007,7,Chiapas,17,Cintalapa,014-1,7,167,2129.0367,017_014-1_007,22115.0442236,21399172.6289,017_014-1_007,,,,,,,,,,,,,,,,,,,,,,,,,,,,,,,,1,,,,,,,,,,,,,,,,,,,,,,,,,,,,,,,,,,,,,,,,,1
07019017-A005,7,Chiapas,19,Comitán de Domínguez,017-A,5,220,655.1245,019_017-A_005,11582.6462758,6594251.06488,019_017-A_005,,,,,,,,,,,,,,,,,,,,,1,,,,,,,,,,,,,,,,,,,,,,,,,,,,,,,,,,,,,,,,,,,,,,,,,,,,1
07108019-0002,7,Chiapas,108,Villaflores,019-0,2,294,994.5178,108_019-0_002,17001.5073823,10090683.879,108_019-0_002,,,,,,,,,,,,,,,,,,,,,,,,,,,,,,,,,,,,,,,,,1,,,,,,,,,,,,,,,,,,,,,,,,,,,,,,,,1
07061010-1011,7,Chiapas,61,Ocozocoautla de Espinosa,010-1,11,35,512.0045,061_010-1_011,20326.7922513,5105018.96837,061_010-1_011,,,,,,,,,,,,,,,,,,,,1,,,,,,,,,,,,,,,,,,,,,,,,,,,,,,,,,,,,,,,,,,,,,,,,,,,,,1
07081004-9012,7,Chiapas,81,Simojovel,004-9,12,424,181.5362,081_004-9_012,6611.07856143,1866381.46095,081_004-9_012,,,,,,,,,,,,,,,,,,,,,,,,,,,,,,,,,,,,,,,,,,,,,,,1,,,,,,,,,,,,,,,,,,,,,,,,,,1
07017021-1013,7,Chiapas,17,Cintalapa,021-1,13,322,867.4984,017_021-1_013,23412.4973844,17176034.633,017_021-1_013,,,,,,,,,,,,,,,,,,,,1,,,,,,,,,,,,,,,,,,,,,,,,,,,,,,,,,,,,,,,,,,,2,,,,,,,,,,3
