GRIDCODE,CLASS_NAME,CONTROL,HA,TIP_CAMBIO
"2",2 |  1,07116009-9001,1.91400000000,Ganancia de actividad agrícola
"3",3 |  1,07116011-6001,6.02902000000,Ganancia de actividad agrícola
"3",3 |  1,07116011-6001,0.77452200000,Ganancia de actividad agrícola
"3",3 |  1,07116004-6001,9.98986000000,Ganancia de actividad agrícola
"4",4 |  1,07116008-4008,37.33010000000,Ganancia de actividad agrícola
"4",4 |  1,07116008-4008,0.54613300000,Ganancia de actividad agrícola
"4",4 |  1,07116005-0003,50.12100000000,Ganancia de actividad agrícola
"4",4 |  1,07116005-0003,486.29600000000,Ganancia de actividad agrícola
"4",4 |  1,07116011-6001,5.63677000000,Ganancia de actividad agrícola
"4",4 |  1,07116011-6001,113.51900000000,Ganancia de actividad agrícola
"4",4 |  1,07116004-6001,14.65640000000,Ganancia de actividad agrícola
"4",4 |  1,07116004-6001,9.99377000000,Ganancia de actividad agrícola
"4",4 |  1,07116004-6001,289.22000000000,Ganancia de actividad agrícola
"4",4 |  1,07116004-6001,48.68190000000,Ganancia de actividad agrícola
"4",4 |  1,07116004-6001,0.82201200000,Ganancia de actividad agrícola
"4",4 |  1,07116011-6013,10.88670000000,Ganancia de actividad agrícola
"4",4 |  1,07116008-4003,2.10247000000,Ganancia de actividad agrícola
"4",4 |  1,07116008-4009,1.44888000000,Ganancia de actividad agrícola
"4",4 |  1,07116008-4009,12.08690000000,Ganancia de actividad agrícola
"4",4 |  1,07116011-6008,26.01690000000,Ganancia de actividad agrícola
"4",4 |  1,07116011-6008,4.21894000000,Ganancia de actividad agrícola
"4",4 |  1,07116009-9001,562.70600000000,Ganancia de actividad agrícola
"4",4 |  1,07116011-6007,97.02360000000,Ganancia de actividad agrícola
"4",4 |  1,07116012-0004,4.61405000000,Ganancia de actividad agrícola
"4",4 |  1,07116010-1006,17.52250000000,Ganancia de actividad agrícola
"4",4 |  1,07116006-5006,804.93600000000,Ganancia de actividad agrícola
"4",4 |  1,07116011-6012,7.18925000000,Ganancia de actividad agrícola
"4",4 |  1,07116011-6012,3.31911000000,Ganancia de actividad agrícola
"21",1 |  4,07116011-6012,48.46360000000,Ganancia de actividad agrícola
"22",3 |  4,07116005-0003,2.39351000000,Ganancia de actividad agrícola
"22",3 |  4,07116005-0003,2.06045000000,Ganancia de actividad agrícola
"22",3 |  4,07116005-0003,0.58496000000,Ganancia de actividad agrícola
"22",3 |  4,07116005-0003,1.49365000000,Ganancia de actividad agrícola
"22",3 |  4,07116004-6001,12.81890000000,Ganancia de actividad agrícola
"22",3 |  4,07116004-6001,15.47360000000,Ganancia de actividad agrícola
"22",3 |  4,07116004-6001,2.79166000000,Ganancia de actividad agrícola
"22",3 |  4,07116004-6001,3.05964000000,Ganancia de actividad agrícola
"22",3 |  4,07116004-6001,5.11978000000,Ganancia de actividad agrícola
"22",3 |  4,07116004-6001,3.76823000000,Ganancia de actividad agrícola
"22",3 |  4,07116009-9002,0.82733600000,Ganancia de actividad agrícola
"22",3 |  4,07116009-9002,6.62220000000,Ganancia de actividad agrícola
"22",3 |  4,07116009-9002,9.24420000000,Ganancia de actividad agrícola
"22",3 |  4,07116010-1006,1.56020000000,Ganancia de actividad agrícola
"29",5 |  5,07116011-6009,192.65900000000,Conservación de vegetación
"29",5 |  5,07116011-6009,92.15520000000,Conservación de vegetación
"29",5 |  5,07116011-6009,5.68662000000,Conservación de vegetación
"29",5 |  5,07116008-4008,192.13700000000,Conservación de vegetación
"29",5 |  5,07116008-4008,3.07176000000,Conservación de vegetación
"29",5 |  5,07116007-A001,156.28800000000,Conservación de vegetación
"29",5 |  5,07116005-0003,47.61450000000,Conservación de vegetación
"29",5 |  5,07116005-0003,848.54300000000,Conservación de vegetación
"29",5 |  5,07116005-0003,41.87880000000,Conservación de vegetación
"29",5 |  5,07116005-0003,103.71500000000,Conservación de vegetación
"29",5 |  5,07116005-0007,1294.61000000000,Conservación de vegetación
"29",5 |  5,07116005-0007,3.22974000000,Conservación de vegetación
"29",5 |  5,07116005-0007,41.19260000000,Conservación de vegetación
"29",5 |  5,07116007-A006,9.69981000000,Conservación de vegetación
"29",5 |  5,07116007-A006,7.50003000000,Conservación de vegetación
"29",5 |  5,07116007-A005,354.41900000000,Conservación de vegetación
"29",5 |  5,07116007-A005,1.76200000000,Conservación de vegetación
"29",5 |  5,07116007-A008,268.86900000000,Conservación de vegetación
"29",5 |  5,07116011-6001,185.41700000000,Conservación de vegetación
"29",5 |  5,07116011-6001,711.43800000000,Conservación de vegetación
"29",5 |  5,07116004-6001,11.12620000000,Conservación de vegetación
"29",5 |  5,07116004-6001,1017.75000000000,Conservación de vegetación
"29",5 |  5,07116004-6001,17.29230000000,Conservación de vegetación
"29",5 |  5,07116004-6001,9.87848000000,Conservación de vegetación
"29",5 |  5,07116005-0004,1010.38000000000,Conservación de vegetación
"29",5 |  5,07116010-1007,8.28484000000,Conservación de vegetación
"29",5 |  5,07116010-1007,212.78800000000,Conservación de vegetación
"29",5 |  5,07116010-1007,0.93660700000,Conservación de vegetación
"29",5 |  5,07116008-4003,802.36600000000,Conservación de vegetación
"29",5 |  5,07116008-4003,381.14600000000,Conservación de vegetación
"29",5 |  5,07116006-5009,348.38900000000,Conservación de vegetación
"29",5 |  5,07116012-0005,321.04900000000,Conservación de vegetación
"29",5 |  5,07116010-1014,120.52200000000,Conservación de vegetación
"29",5 |  5,07116010-1014,64.54990000000,Conservación de vegetación
"29",5 |  5,07116011-6005,223.88900000000,Conservación de vegetación
"29",5 |  5,07116008-4009,38.06490000000,Conservación de vegetación
"29",5 |  5,07116008-4009,27.77130000000,Conservación de vegetación
"29",5 |  5,07116008-4009,196.72300000000,Conservación de vegetación
"29",5 |  5,07116008-4009,4.97458000000,Conservación de vegetación
"29",5 |  5,07116006-5004,60.39910000000,Conservación de vegetación
"29",5 |  5,07116010-1012,177.37300000000,Conservación de vegetación
"29",5 |  5,07116007-A012,126.69400000000,Conservación de vegetación
"29",5 |  5,07116011-6008,202.21800000000,Conservación de vegetación
"29",5 |  5,07116011-6008,8.28425000000,Conservación de vegetación
"29",5 |  5,07116011-6008,18.34580000000,Conservación de vegetación
"29",5 |  5,07116011-6008,355.43600000000,Conservación de vegetación
"29",5 |  5,07116011-6008,24.56070000000,Conservación de vegetación
"29",5 |  5,07116011-6010,184.23400000000,Conservación de vegetación
"29",5 |  5,07116009-9001,45.81730000000,Conservación de vegetación
"29",5 |  5,07116011-6006,11.73020000000,Conservación de vegetación
"29",5 |  5,07116011-6006,73.85380000000,Conservación de vegetación
"29",5 |  5,07116007-A003,96.79970000000,Conservación de vegetación
"29",5 |  5,07116012-0004,1322.29000000000,Conservación de vegetación
"29",5 |  5,07116012-0004,13.73840000000,Conservación de vegetación
"29",5 |  5,07116012-0004,41.85290000000,Conservación de vegetación
"29",5 |  5,07116012-0004,2.11632000000,Conservación de vegetación
"29",5 |  5,07116012-0004,56.60400000000,Conservación de vegetación
"29",5 |  5,07116009-9002,1500.68000000000,Conservación de vegetación
"29",5 |  5,07116011-6011,102.80900000000,Conservación de vegetación
"29",5 |  5,07116010-1006,1469.40000000000,Conservación de vegetación
"29",5 |  5,07116010-1006,68.84050000000,Conservación de vegetación
"29",5 |  5,07116007-A002,56.14200000000,Conservación de vegetación
"29",5 |  5,07116006-5006,7.43325000000,Conservación de vegetación
"29",5 |  5,07116006-5006,524.19400000000,Conservación de vegetación
"29",5 |  5,07116011-6012,0.86671500000,Conservación de vegetación
"29",5 |  5,07116011-6012,15.35340000000,Conservación de vegetación
"29",5 |  5,07116011-6012,91.88920000000,Conservación de vegetación
"29",5 |  5,07116011-6012,129.95600000000,Conservación de vegetación
"37",6 |  6,07116011-6009,2473.82000000000,Conservación de vegetación
"37",6 |  6,07116011-6009,52.60550000000,Conservación de vegetación
"37",6 |  6,07116011-6009,68.43430000000,Conservación de vegetación
"37",6 |  6,07116008-4008,8.05256000000,Conservación de vegetación
"37",6 |  6,07116008-4008,126.24900000000,Conservación de vegetación
"37",6 |  6,07116006-5007,43.01370000000,Conservación de vegetación
"37",6 |  6,07116006-5007,45.51760000000,Conservación de vegetación
"37",6 |  6,07116006-5007,6.50991000000,Conservación de vegetación
"37",6 |  6,07116005-0003,193.75100000000,Conservación de vegetación
"37",6 |  6,07116005-0003,0.64196200000,Conservación de vegetación
"37",6 |  6,07116005-0007,67.53180000000,Conservación de vegetación
"37",6 |  6,07116005-0007,62.65990000000,Conservación de vegetación
"37",6 |  6,07116005-0007,108.20900000000,Conservación de vegetación
"37",6 |  6,07116007-A007,75.17700000000,Conservación de vegetación
"37",6 |  6,07116007-A006,1.28858000000,Conservación de vegetación
"37",6 |  6,07116007-A006,110.52800000000,Conservación de vegetación
"37",6 |  6,07116007-A006,141.37300000000,Conservación de vegetación
"37",6 |  6,07116007-A005,92.32950000000,Conservación de vegetación
"37",6 |  6,07116008-4004,1.63137000000,Conservación de vegetación
"37",6 |  6,07116008-4004,2.15801000000,Conservación de vegetación
"37",6 |  6,07116011-6001,32.54370000000,Conservación de vegetación
"37",6 |  6,07116011-6001,236.97700000000,Conservación de vegetación
"37",6 |  6,07116004-6001,209.61700000000,Conservación de vegetación
"37",6 |  6,07116004-6001,37.89270000000,Conservación de vegetación
"37",6 |  6,07116004-6001,76.75840000000,Conservación de vegetación
"37",6 |  6,07116004-6001,65.49980000000,Conservación de vegetación
"37",6 |  6,07116004-6001,1.17101000000,Conservación de vegetación
"37",6 |  6,07116004-6001,3.41389000000,Conservación de vegetación
"37",6 |  6,07116011-6013,0.86767900000,Conservación de vegetación
"37",6 |  6,07116008-4003,61.47090000000,Conservación de vegetación
"37",6 |  6,07116008-4003,3.15031000000,Conservación de vegetación
"37",6 |  6,07116012-0005,257.91300000000,Conservación de vegetación
"37",6 |  6,07116012-0005,37.06380000000,Conservación de vegetación
"37",6 |  6,07116012-0001,3.79889000000,Conservación de vegetación
"37",6 |  6,07116012-0001,146.24200000000,Conservación de vegetación
"37",6 |  6,07116008-4009,46.55340000000,Conservación de vegetación
"37",6 |  6,07116008-4009,37.68360000000,Conservación de vegetación
"37",6 |  6,07116008-4009,138.06700000000,Conservación de vegetación
"37",6 |  6,07116006-5004,21.20510000000,Conservación de vegetación
"37",6 |  6,07116008-4007,5.15192000000,Conservación de vegetación
"37",6 |  6,07116008-4007,4.76677000000,Conservación de vegetación
"37",6 |  6,07116008-4007,2.30504000000,Conservación de vegetación
"37",6 |  6,07116008-4007,2.41846000000,Conservación de vegetación
"37",6 |  6,07116008-4007,6.08649000000,Conservación de vegetación
"37",6 |  6,07116011-6008,8.82088000000,Conservación de vegetación
"37",6 |  6,07116011-6008,2.06346000000,Conservación de vegetación
"37",6 |  6,07116009-9001,15.46840000000,Conservación de vegetación
"37",6 |  6,07116009-9001,71.39400000000,Conservación de vegetación
"37",6 |  6,07116009-9001,5.02330000000,Conservación de vegetación
"37",6 |  6,07116009-9001,56.73600000000,Conservación de vegetación
"37",6 |  6,07116009-9001,7.90755000000,Conservación de vegetación
"37",6 |  6,07116009-9001,29.63410000000,Conservación de vegetación
"37",6 |  6,07116011-6007,5.73201000000,Conservación de vegetación
"37",6 |  6,07116007-A003,8.27041000000,Conservación de vegetación
"37",6 |  6,07116007-A003,19.79530000000,Conservación de vegetación
"37",6 |  6,07116007-A003,54.82090000000,Conservación de vegetación
"37",6 |  6,07116007-A003,52.17310000000,Conservación de vegetación
"37",6 |  6,07116007-A003,46.11590000000,Conservación de vegetación
"37",6 |  6,07116007-A003,13.92180000000,Conservación de vegetación
"37",6 |  6,07116007-A003,12.31490000000,Conservación de vegetación
"37",6 |  6,07116007-A003,19.63120000000,Conservación de vegetación
"37",6 |  6,07116007-A003,21.01880000000,Conservación de vegetación
"37",6 |  6,07116007-A003,9.20931000000,Conservación de vegetación
"37",6 |  6,07116007-A003,0.59875800000,Conservación de vegetación
"37",6 |  6,07116012-0004,14.25870000000,Conservación de vegetación
"37",6 |  6,07116012-0004,28.68190000000,Conservación de vegetación
"37",6 |  6,07116012-0004,55.10860000000,Conservación de vegetación
"37",6 |  6,07116012-0004,7.04291000000,Conservación de vegetación
"37",6 |  6,07116012-0004,6.29973000000,Conservación de vegetación
"37",6 |  6,07116012-0004,7.27162000000,Conservación de vegetación
"37",6 |  6,07116011-6011,2.91782000000,Conservación de vegetación
"37",6 |  6,07116010-1006,146.41600000000,Conservación de vegetación
"37",6 |  6,07116010-1006,29.06010000000,Conservación de vegetación
"37",6 |  6,07116010-1006,90.27400000000,Conservación de vegetación
"37",6 |  6,07116010-1006,63.47270000000,Conservación de vegetación
"37",6 |  6,07116012-0002,22.79970000000,Conservación de vegetación
"37",6 |  6,07116006-5006,61.36770000000,Conservación de vegetación
"37",6 |  6,07116011-6012,689.11100000000,Conservación de vegetación
"37",6 |  6,07116011-6012,323.02300000000,Conservación de vegetación
"37",6 |  6,07116011-6012,70.47300000000,Conservación de vegetación
"5",5 |  1,07116011-6009,6.28649000000,Pérdida de vegetación primaria
"5",5 |  1,07116008-4008,28.57950000000,Pérdida de vegetación primaria
"5",5 |  1,07116008-4008,125.79600000000,Pérdida de vegetación primaria
"5",5 |  1,07116008-4008,9.66147000000,Pérdida de vegetación primaria
"5",5 |  1,07116008-4008,85.84770000000,Pérdida de vegetación primaria
"5",5 |  1,07116008-4008,1.47597000000,Pérdida de vegetación primaria
"5",5 |  1,07116005-0003,126.55200000000,Pérdida de vegetación primaria
"5",5 |  1,07116005-0003,67.70460000000,Pérdida de vegetación primaria
"5",5 |  1,07116008-4001,2.62107000000,Pérdida de vegetación primaria
"5",5 |  1,07116008-4001,39.93910000000,Pérdida de vegetación primaria
"5",5 |  1,07116008-4004,154.60100000000,Pérdida de vegetación primaria
"5",5 |  1,07116011-6001,11.92180000000,Pérdida de vegetación primaria
"5",5 |  1,07116011-6001,3.50808000000,Pérdida de vegetación primaria
"5",5 |  1,07116004-6001,27.33250000000,Pérdida de vegetación primaria
"5",5 |  1,07116004-6001,136.07600000000,Pérdida de vegetación primaria
"5",5 |  1,07116004-6001,5.93804000000,Pérdida de vegetación primaria
"5",5 |  1,07116010-1007,6.98997000000,Pérdida de vegetación primaria
"5",5 |  1,07116010-1007,55.72880000000,Pérdida de vegetación primaria
"5",5 |  1,07116010-1007,4.41622000000,Pérdida de vegetación primaria
"5",5 |  1,07116008-4003,622.90700000000,Pérdida de vegetación primaria
"5",5 |  1,07116008-4003,94.98040000000,Pérdida de vegetación primaria
"5",5 |  1,07116012-0001,8.62970000000,Pérdida de vegetación primaria
"5",5 |  1,07116011-6005,41.21130000000,Pérdida de vegetación primaria
"5",5 |  1,07116008-4009,33.67620000000,Pérdida de vegetación primaria
"5",5 |  1,07116008-4009,2.79412000000,Pérdida de vegetación primaria
"5",5 |  1,07116008-4009,1.63017000000,Pérdida de vegetación primaria
"5",5 |  1,07116008-4007,100.87900000000,Pérdida de vegetación primaria
"5",5 |  1,07116010-1012,14.11770000000,Pérdida de vegetación primaria
"5",5 |  1,07116010-1012,0.94040100000,Pérdida de vegetación primaria
"5",5 |  1,07116011-6008,167.92000000000,Pérdida de vegetación primaria
"5",5 |  1,07116009-9001,23.40330000000,Pérdida de vegetación primaria
"5",5 |  1,07116011-6006,23.87890000000,Pérdida de vegetación primaria
"5",5 |  1,07116012-0004,96.87950000000,Pérdida de vegetación primaria
"5",5 |  1,07116012-0004,471.63300000000,Pérdida de vegetación primaria
"5",5 |  1,07116012-0004,11.21800000000,Pérdida de vegetación primaria
"5",5 |  1,07116012-0004,204.86000000000,Pérdida de vegetación primaria
"5",5 |  1,07116012-0004,2.87956000000,Pérdida de vegetación primaria
"5",5 |  1,07116012-0004,30.57860000000,Pérdida de vegetación primaria
"5",5 |  1,07116012-0004,31.21470000000,Pérdida de vegetación primaria
"5",5 |  1,07116010-1006,21.46340000000,Pérdida de vegetación primaria
"5",5 |  1,07116010-1006,70.42810000000,Pérdida de vegetación primaria
"5",5 |  1,07116012-0002,2.38279000000,Pérdida de vegetación primaria
"5",5 |  1,07116012-0002,68.81770000000,Pérdida de vegetación primaria
"5",5 |  1,07116006-5006,3.13611000000,Pérdida de vegetación primaria
"5",5 |  1,07116006-5006,25.88680000000,Pérdida de vegetación primaria
"5",5 |  1,07116006-5006,439.66100000000,Pérdida de vegetación primaria
"18",5 |  3,07116004-6001,0.63660200000,Pérdida de vegetación primaria
"18",5 |  3,07116004-6001,0.76728700000,Pérdida de vegetación primaria
"24",5 |  4,07116011-6009,11.20970000000,Pérdida de vegetación primaria
"24",5 |  4,07116011-6009,1.16711000000,Pérdida de vegetación primaria
"24",5 |  4,07116011-6009,71.93570000000,Pérdida de vegetación primaria
"24",5 |  4,07116008-4008,11.74370000000,Pérdida de vegetación primaria
"24",5 |  4,07116008-4008,4.15021000000,Pérdida de vegetación primaria
"24",5 |  4,07116008-4008,48.61910000000,Pérdida de vegetación primaria
"24",5 |  4,07116008-4008,16.02880000000,Pérdida de vegetación primaria
"24",5 |  4,07116006-5007,46.39210000000,Pérdida de vegetación primaria
"24",5 |  4,07116007-A001,128.44100000000,Pérdida de vegetación primaria
"24",5 |  4,07116005-0003,12.26970000000,Pérdida de vegetación primaria
"24",5 |  4,07116005-0003,187.15200000000,Pérdida de vegetación primaria
"24",5 |  4,07116005-0003,30.73420000000,Pérdida de vegetación primaria
"24",5 |  4,07116005-0003,698.79900000000,Pérdida de vegetación primaria
"24",5 |  4,07116005-0003,2.06939000000,Pérdida de vegetación primaria
"24",5 |  4,07116005-0003,134.57500000000,Pérdida de vegetación primaria
"24",5 |  4,07116005-0003,36.80330000000,Pérdida de vegetación primaria
"24",5 |  4,07116005-0003,8.68046000000,Pérdida de vegetación primaria
"24",5 |  4,07116005-0003,4.98402000000,Pérdida de vegetación primaria
"24",5 |  4,07116005-0003,3.13545000000,Pérdida de vegetación primaria
"24",5 |  4,07116005-0003,59.62390000000,Pérdida de vegetación primaria
"24",5 |  4,07116005-0003,24.91990000000,Pérdida de vegetación primaria
"24",5 |  4,07116005-0003,4.88907000000,Pérdida de vegetación primaria
"24",5 |  4,07116005-0003,1.03119000000,Pérdida de vegetación primaria
"24",5 |  4,07116005-0003,12.89520000000,Pérdida de vegetación primaria
"24",5 |  4,07116005-0003,5.34590000000,Pérdida de vegetación primaria
"24",5 |  4,07116005-0003,0.65956300000,Pérdida de vegetación primaria
"24",5 |  4,07116005-0003,134.62500000000,Pérdida de vegetación primaria
"24",5 |  4,07116005-0007,265.89200000000,Pérdida de vegetación primaria
"24",5 |  4,07116005-0007,20.29550000000,Pérdida de vegetación primaria
"24",5 |  4,07116005-0007,0.82399500000,Pérdida de vegetación primaria
"24",5 |  4,07116005-0007,2.59433000000,Pérdida de vegetación primaria
"24",5 |  4,07116005-0007,6.40102000000,Pérdida de vegetación primaria
"24",5 |  4,07116005-0007,17.02000000000,Pérdida de vegetación primaria
"24",5 |  4,07116005-0007,13.92340000000,Pérdida de vegetación primaria
"24",5 |  4,07116005-0007,42.27980000000,Pérdida de vegetación primaria
"24",5 |  4,07116007-A006,70.28930000000,Pérdida de vegetación primaria
"24",5 |  4,07116007-A006,113.82700000000,Pérdida de vegetación primaria
"24",5 |  4,07116007-A006,35.11200000000,Pérdida de vegetación primaria
"24",5 |  4,07116007-A006,107.44100000000,Pérdida de vegetación primaria
"24",5 |  4,07116007-A005,340.42700000000,Pérdida de vegetación primaria
"24",5 |  4,07116007-A005,5.26661000000,Pérdida de vegetación primaria
"24",5 |  4,07116007-A005,5.49446000000,Pérdida de vegetación primaria
"24",5 |  4,07116007-A005,19.95960000000,Pérdida de vegetación primaria
"24",5 |  4,07116008-4004,1.21260000000,Pérdida de vegetación primaria
"24",5 |  4,07116008-4004,601.87700000000,Pérdida de vegetación primaria
"24",5 |  4,07116007-A008,57.03740000000,Pérdida de vegetación primaria
"24",5 |  4,07116011-6001,2.99332000000,Pérdida de vegetación primaria
"24",5 |  4,07116011-6001,264.64800000000,Pérdida de vegetación primaria
"24",5 |  4,07116011-6001,14.51830000000,Pérdida de vegetación primaria
"24",5 |  4,07116011-6001,74.67450000000,Pérdida de vegetación primaria
"24",5 |  4,07116004-6001,1746.28000000000,Pérdida de vegetación primaria
"24",5 |  4,07116004-6001,91.65800000000,Pérdida de vegetación primaria
"24",5 |  4,07116004-6001,45.87380000000,Pérdida de vegetación primaria
"24",5 |  4,07116004-6001,6.60778000000,Pérdida de vegetación primaria
"24",5 |  4,07116004-6001,14.96660000000,Pérdida de vegetación primaria
"24",5 |  4,07116004-6001,34.33590000000,Pérdida de vegetación primaria
"24",5 |  4,07116004-6001,69.06510000000,Pérdida de vegetación primaria
"24",5 |  4,07116004-6001,7.47741000000,Pérdida de vegetación primaria
"24",5 |  4,07116004-6001,7.16359000000,Pérdida de vegetación primaria
"24",5 |  4,07116004-6001,14.54520000000,Pérdida de vegetación primaria
"24",5 |  4,07116004-6001,1.80373000000,Pérdida de vegetación primaria
"24",5 |  4,07116004-6001,11.36180000000,Pérdida de vegetación primaria
"24",5 |  4,07116005-0004,460.21300000000,Pérdida de vegetación primaria
"24",5 |  4,07116010-1007,1.80151000000,Pérdida de vegetación primaria
"24",5 |  4,07116008-4003,140.70200000000,Pérdida de vegetación primaria
"24",5 |  4,07116008-4003,2.32903000000,Pérdida de vegetación primaria
"24",5 |  4,07116008-4003,1.72768000000,Pérdida de vegetación primaria
"24",5 |  4,07116008-4003,0.51850700000,Pérdida de vegetación primaria
"24",5 |  4,07116008-4003,24.59670000000,Pérdida de vegetación primaria
"24",5 |  4,07116008-4003,4.27105000000,Pérdida de vegetación primaria
"24",5 |  4,07116006-5009,24.66650000000,Pérdida de vegetación primaria
"24",5 |  4,07116010-1014,179.01400000000,Pérdida de vegetación primaria
"24",5 |  4,07116010-1014,10.16800000000,Pérdida de vegetación primaria
"24",5 |  4,07116010-1014,1.52822000000,Pérdida de vegetación primaria
"24",5 |  4,07116010-1014,5.22671000000,Pérdida de vegetación primaria
"24",5 |  4,07116012-0001,52.52950000000,Pérdida de vegetación primaria
"24",5 |  4,07116012-0001,9.00702000000,Pérdida de vegetación primaria
"24",5 |  4,07116007-A004,8.17449000000,Pérdida de vegetación primaria
"24",5 |  4,07116008-4009,517.04900000000,Pérdida de vegetación primaria
"24",5 |  4,07116008-4009,46.09020000000,Pérdida de vegetación primaria
"24",5 |  4,07116006-5004,36.16300000000,Pérdida de vegetación primaria
"24",5 |  4,07116006-5004,71.73210000000,Pérdida de vegetación primaria
"24",5 |  4,07116008-4007,5.30089000000,Pérdida de vegetación primaria
"24",5 |  4,07116008-4007,35.15370000000,Pérdida de vegetación primaria
"24",5 |  4,07116007-A012,21.62400000000,Pérdida de vegetación primaria
"24",5 |  4,07116007-A012,12.85200000000,Pérdida de vegetación primaria
"24",5 |  4,07116007-A012,3.76246000000,Pérdida de vegetación primaria
"24",5 |  4,07116011-6008,172.25100000000,Pérdida de vegetación primaria
"24",5 |  4,07116011-6008,0.91133100000,Pérdida de vegetación primaria
"24",5 |  4,07116011-6008,2.04181000000,Pérdida de vegetación primaria
"24",5 |  4,07116011-6008,56.80080000000,Pérdida de vegetación primaria
"24",5 |  4,07116011-6008,25.55620000000,Pérdida de vegetación primaria
"24",5 |  4,07116011-6008,3.28395000000,Pérdida de vegetación primaria
"24",5 |  4,07116009-9001,981.52300000000,Pérdida de vegetación primaria
"24",5 |  4,07116009-9001,17.00570000000,Pérdida de vegetación primaria
"24",5 |  4,07116009-9001,8.43910000000,Pérdida de vegetación primaria
"24",5 |  4,07116009-9001,220.40400000000,Pérdida de vegetación primaria
"24",5 |  4,07116009-9001,88.29690000000,Pérdida de vegetación primaria
"24",5 |  4,07116009-9001,21.46500000000,Pérdida de vegetación primaria
"24",5 |  4,07116009-9001,212.77200000000,Pérdida de vegetación primaria
"24",5 |  4,07116009-9001,1.98776000000,Pérdida de vegetación primaria
"24",5 |  4,07116009-9001,26.93880000000,Pérdida de vegetación primaria
"24",5 |  4,07116009-9001,8.10563000000,Pérdida de vegetación primaria
"24",5 |  4,07116011-6007,14.79980000000,Pérdida de vegetación primaria
"24",5 |  4,07116011-6007,123.12100000000,Pérdida de vegetación primaria
"24",5 |  4,07116011-6007,25.77210000000,Pérdida de vegetación primaria
"24",5 |  4,07116011-6007,17.09770000000,Pérdida de vegetación primaria
"24",5 |  4,07116011-6007,44.04170000000,Pérdida de vegetación primaria
"24",5 |  4,07116007-A003,1.08106000000,Pérdida de vegetación primaria
"24",5 |  4,07116007-A003,36.53440000000,Pérdida de vegetación primaria
"24",5 |  4,07116007-A003,65.71270000000,Pérdida de vegetación primaria
"24",5 |  4,07116007-A003,7.69601000000,Pérdida de vegetación primaria
"24",5 |  4,07116007-A003,44.50380000000,Pérdida de vegetación primaria
"24",5 |  4,07116007-A003,1.58852000000,Pérdida de vegetación primaria
"24",5 |  4,07116007-A003,8.76223000000,Pérdida de vegetación primaria
"24",5 |  4,07116007-A003,12.24930000000,Pérdida de vegetación primaria
"24",5 |  4,07116007-A003,9.60460000000,Pérdida de vegetación primaria
"24",5 |  4,07116007-A003,3.19296000000,Pérdida de vegetación primaria
"24",5 |  4,07116007-A003,10.09140000000,Pérdida de vegetación primaria
"24",5 |  4,07116007-A003,0.75301700000,Pérdida de vegetación primaria
"24",5 |  4,07116007-A003,4.51924000000,Pérdida de vegetación primaria
"24",5 |  4,07116007-A003,0.75406700000,Pérdida de vegetación primaria
"24",5 |  4,07116012-0004,0.56527600000,Pérdida de vegetación primaria
"24",5 |  4,07116012-0004,189.54000000000,Pérdida de vegetación primaria
"24",5 |  4,07116012-0004,7.87997000000,Pérdida de vegetación primaria
"24",5 |  4,07116012-0004,64.25780000000,Pérdida de vegetación primaria
"24",5 |  4,07116012-0004,7.76582000000,Pérdida de vegetación primaria
"24",5 |  4,07116012-0004,384.27400000000,Pérdida de vegetación primaria
"24",5 |  4,07116012-0004,108.77800000000,Pérdida de vegetación primaria
"24",5 |  4,07116012-0004,6.23862000000,Pérdida de vegetación primaria
"24",5 |  4,07116009-9002,21.92420000000,Pérdida de vegetación primaria
"24",5 |  4,07116009-9002,0.52592000000,Pérdida de vegetación primaria
"24",5 |  4,07116009-9002,53.50530000000,Pérdida de vegetación primaria
"24",5 |  4,07116009-9002,1.73851000000,Pérdida de vegetación primaria
"24",5 |  4,07116010-1006,58.37300000000,Pérdida de vegetación primaria
"24",5 |  4,07116010-1006,6.99368000000,Pérdida de vegetación primaria
"24",5 |  4,07116010-1006,40.50190000000,Pérdida de vegetación primaria
"24",5 |  4,07116010-1006,23.55210000000,Pérdida de vegetación primaria
"24",5 |  4,07116010-1006,2.78434000000,Pérdida de vegetación primaria
"24",5 |  4,07116010-1006,135.70900000000,Pérdida de vegetación primaria
"24",5 |  4,07116010-1006,52.00290000000,Pérdida de vegetación primaria
"24",5 |  4,07116010-1006,76.27710000000,Pérdida de vegetación primaria
"24",5 |  4,07116012-0002,8.89127000000,Pérdida de vegetación primaria
"24",5 |  4,07116007-A002,2.14584000000,Pérdida de vegetación primaria
"24",5 |  4,07116006-5006,3.56302000000,Pérdida de vegetación primaria
"24",5 |  4,07116006-5006,9.96839000000,Pérdida de vegetación primaria
"24",5 |  4,07116006-5006,12.20730000000,Pérdida de vegetación primaria
"24",5 |  4,07116006-5006,56.73860000000,Pérdida de vegetación primaria
"24",5 |  4,07116006-5006,3.95560000000,Pérdida de vegetación primaria
"24",5 |  4,07116006-5006,8.96737000000,Pérdida de vegetación primaria
"24",5 |  4,07116006-5006,31.30560000000,Pérdida de vegetación primaria
"24",5 |  4,07116006-5006,37.86540000000,Pérdida de vegetación primaria
"24",5 |  4,07116006-5006,2.66899000000,Pérdida de vegetación primaria
"24",5 |  4,07116011-6012,52.47740000000,Pérdida de vegetación primaria
"24",5 |  4,07116011-6012,24.48030000000,Pérdida de vegetación primaria
"24",5 |  4,07116011-6012,8.02044000000,Pérdida de vegetación primaria
"24",5 |  4,07116011-6012,2.18126000000,Pérdida de vegetación primaria
"36",5 |  6,07116011-6009,4.71570000000,Pérdida de vegetación primaria
"36",5 |  6,07116008-4008,165.50700000000,Pérdida de vegetación primaria
"36",5 |  6,07116008-4008,3.34167000000,Pérdida de vegetación primaria
"36",5 |  6,07116008-4008,21.09290000000,Pérdida de vegetación primaria
"36",5 |  6,07116006-5007,27.52790000000,Pérdida de vegetación primaria
"36",5 |  6,07116007-A001,32.95420000000,Pérdida de vegetación primaria
"36",5 |  6,07116007-A001,25.89430000000,Pérdida de vegetación primaria
"36",5 |  6,07116005-0003,78.36590000000,Pérdida de vegetación primaria
"36",5 |  6,07116005-0003,192.68000000000,Pérdida de vegetación primaria
"36",5 |  6,07116005-0003,619.39500000000,Pérdida de vegetación primaria
"36",5 |  6,07116005-0003,141.12000000000,Pérdida de vegetación primaria
"36",5 |  6,07116005-0003,74.69650000000,Pérdida de vegetación primaria
"36",5 |  6,07116005-0007,217.46000000000,Pérdida de vegetación primaria
"36",5 |  6,07116005-0007,48.45710000000,Pérdida de vegetación primaria
"36",5 |  6,07116007-A007,349.02200000000,Pérdida de vegetación primaria
"36",5 |  6,07116007-A006,14.99850000000,Pérdida de vegetación primaria
"36",5 |  6,07116007-A006,1.79259000000,Pérdida de vegetación primaria
"36",5 |  6,07116007-A006,1008.68000000000,Pérdida de vegetación primaria
"36",5 |  6,07116007-A005,193.27000000000,Pérdida de vegetación primaria
"36",5 |  6,07116007-A005,7.98226000000,Pérdida de vegetación primaria
"36",5 |  6,07116007-A005,30.71250000000,Pérdida de vegetación primaria
"36",5 |  6,07116008-4001,545.96600000000,Pérdida de vegetación primaria
"36",5 |  6,07116008-4004,0.55135700000,Pérdida de vegetación primaria
"36",5 |  6,07116008-4004,15.22510000000,Pérdida de vegetación primaria
"36",5 |  6,07116008-4004,50.03040000000,Pérdida de vegetación primaria
"36",5 |  6,07116008-4004,7.08926000000,Pérdida de vegetación primaria
"36",5 |  6,07116008-4004,113.64100000000,Pérdida de vegetación primaria
"36",5 |  6,07116008-4004,1.38939000000,Pérdida de vegetación primaria
"36",5 |  6,07116011-6001,302.51200000000,Pérdida de vegetación primaria
"36",5 |  6,07116004-6001,359.12400000000,Pérdida de vegetación primaria
"36",5 |  6,07116004-6001,48.79950000000,Pérdida de vegetación primaria
"36",5 |  6,07116004-6001,62.86540000000,Pérdida de vegetación primaria
"36",5 |  6,07116004-6001,24.31470000000,Pérdida de vegetación primaria
"36",5 |  6,07116004-6001,44.50260000000,Pérdida de vegetación primaria
"36",5 |  6,07116004-6001,109.75500000000,Pérdida de vegetación primaria
"36",5 |  6,07116008-4003,7.09176000000,Pérdida de vegetación primaria
"36",5 |  6,07116008-4003,156.08200000000,Pérdida de vegetación primaria
"36",5 |  6,07116008-4003,0.71963700000,Pérdida de vegetación primaria
"36",5 |  6,07116008-4003,0.56328200000,Pérdida de vegetación primaria
"36",5 |  6,07116006-5009,17.29540000000,Pérdida de vegetación primaria
"36",5 |  6,07116012-0005,16.18740000000,Pérdida de vegetación primaria
"36",5 |  6,07116012-0005,3.49814000000,Pérdida de vegetación primaria
"36",5 |  6,07116012-0001,457.52900000000,Pérdida de vegetación primaria
"36",5 |  6,07116012-0001,87.89470000000,Pérdida de vegetación primaria
"36",5 |  6,07116007-A004,75.64800000000,Pérdida de vegetación primaria
"36",5 |  6,07116006-5004,20.76680000000,Pérdida de vegetación primaria
"36",5 |  6,07116006-5004,6.41409000000,Pérdida de vegetación primaria
"36",5 |  6,07116008-4007,385.33400000000,Pérdida de vegetación primaria
"36",5 |  6,07116008-4007,1.08771000000,Pérdida de vegetación primaria
"36",5 |  6,07116008-4007,73.41000000000,Pérdida de vegetación primaria
"36",5 |  6,07116007-A012,18.53850000000,Pérdida de vegetación primaria
"36",5 |  6,07116011-6008,8.65514000000,Pérdida de vegetación primaria
"36",5 |  6,07116011-6008,97.96820000000,Pérdida de vegetación primaria
"36",5 |  6,07116009-9001,85.78790000000,Pérdida de vegetación primaria
"36",5 |  6,07116009-9001,64.84990000000,Pérdida de vegetación primaria
"36",5 |  6,07116009-9001,225.07400000000,Pérdida de vegetación primaria
"36",5 |  6,07116009-9001,349.96000000000,Pérdida de vegetación primaria
"36",5 |  6,07116009-9001,303.93200000000,Pérdida de vegetación primaria
"36",5 |  6,07116009-9001,9.09233000000,Pérdida de vegetación primaria
"36",5 |  6,07116009-9001,6.60101000000,Pérdida de vegetación primaria
"36",5 |  6,07116011-6007,405.05600000000,Pérdida de vegetación primaria
"36",5 |  6,07116007-A003,104.85800000000,Pérdida de vegetación primaria
"36",5 |  6,07116007-A003,11.72640000000,Pérdida de vegetación primaria
"36",5 |  6,07116007-A003,170.46800000000,Pérdida de vegetación primaria
"36",5 |  6,07116007-A003,685.70600000000,Pérdida de vegetación primaria
"36",5 |  6,07116012-0004,280.19400000000,Pérdida de vegetación primaria
"36",5 |  6,07116012-0004,17.97600000000,Pérdida de vegetación primaria
"36",5 |  6,07116012-0004,58.86560000000,Pérdida de vegetación primaria
"36",5 |  6,07116012-0004,3.36413000000,Pérdida de vegetación primaria
"36",5 |  6,07116012-0004,47.24410000000,Pérdida de vegetación primaria
"36",5 |  6,07116012-0004,58.09290000000,Pérdida de vegetación primaria
"36",5 |  6,07116012-0004,7.67114000000,Pérdida de vegetación primaria
"36",5 |  6,07116012-0004,0.75400600000,Pérdida de vegetación primaria
"36",5 |  6,07116010-1006,35.42370000000,Pérdida de vegetación primaria
"36",5 |  6,07116010-1006,2.04179000000,Pérdida de vegetación primaria
"36",5 |  6,07116012-0002,689.44100000000,Pérdida de vegetación primaria
"36",5 |  6,07116006-5006,2.98709000000,Pérdida de vegetación primaria
"36",5 |  6,07116006-5006,3.07928000000,Pérdida de vegetación primaria
"36",5 |  6,07116006-5006,607.27100000000,Pérdida de vegetación primaria
"36",5 |  6,07116006-5006,47.83700000000,Pérdida de vegetación primaria
"36",5 |  6,07116006-5006,2.02042000000,Pérdida de vegetación primaria
"36",5 |  6,07116011-6012,0.83676500000,Pérdida de vegetación primaria
"40",5 |  7,07116005-0003,7.96168000000,Pérdida de vegetación primaria
"40",5 |  7,07116004-6001,35.21270000000,Pérdida de vegetación primaria
"6",6 |  1,07116011-6009,2.94307000000,Pérdida de vegetación secundaria
"6",6 |  1,07116008-4008,27.62690000000,Pérdida de vegetación secundaria
"6",6 |  1,07116008-4008,1082.93000000000,Pérdida de vegetación secundaria
"6",6 |  1,07116008-4008,116.09200000000,Pérdida de vegetación secundaria
"6",6 |  1,07116008-4004,6.08312000000,Pérdida de vegetación secundaria
"6",6 |  1,07116008-4004,7.05461000000,Pérdida de vegetación secundaria
"6",6 |  1,07116008-4004,3.32529000000,Pérdida de vegetación secundaria
"6",6 |  1,07116008-4004,0.91578200000,Pérdida de vegetación secundaria
"6",6 |  1,07116008-4004,2.86659000000,Pérdida de vegetación secundaria
"6",6 |  1,07116011-6001,174.24700000000,Pérdida de vegetación secundaria
"6",6 |  1,07116011-6001,0.92370100000,Pérdida de vegetación secundaria
"6",6 |  1,07116008-4010,160.10000000000,Pérdida de vegetación secundaria
"6",6 |  1,07116004-6001,89.57000000000,Pérdida de vegetación secundaria
"6",6 |  1,07116010-1007,899.97400000000,Pérdida de vegetación secundaria
"6",6 |  1,07116008-4003,1.34667000000,Pérdida de vegetación secundaria
"6",6 |  1,07116008-4003,0.79009600000,Pérdida de vegetación secundaria
"6",6 |  1,07116008-4003,468.48800000000,Pérdida de vegetación secundaria
"6",6 |  1,07116008-4003,1.94602000000,Pérdida de vegetación secundaria
"6",6 |  1,07116008-4003,1.60762000000,Pérdida de vegetación secundaria
"6",6 |  1,07116012-0005,563.93800000000,Pérdida de vegetación secundaria
"6",6 |  1,07116012-0005,29.57650000000,Pérdida de vegetación secundaria
"6",6 |  1,07116012-0001,16.47110000000,Pérdida de vegetación secundaria
"6",6 |  1,07116012-0001,49.70600000000,Pérdida de vegetación secundaria
"6",6 |  1,07116012-0001,34.91600000000,Pérdida de vegetación secundaria
"6",6 |  1,07116011-6005,0.67164300000,Pérdida de vegetación secundaria
"6",6 |  1,07116011-6005,8.72812000000,Pérdida de vegetación secundaria
"6",6 |  1,07116008-4009,20.92780000000,Pérdida de vegetación secundaria
"6",6 |  1,07116008-4009,567.24200000000,Pérdida de vegetación secundaria
"6",6 |  1,07116008-4009,63.04220000000,Pérdida de vegetación secundaria
"6",6 |  1,07116008-4007,38.41520000000,Pérdida de vegetación secundaria
"6",6 |  1,07116008-4007,23.88020000000,Pérdida de vegetación secundaria
"6",6 |  1,07116008-4007,39.44750000000,Pérdida de vegetación secundaria
"6",6 |  1,07116010-1012,109.63300000000,Pérdida de vegetación secundaria
"6",6 |  1,07116011-6008,1.92507000000,Pérdida de vegetación secundaria
"6",6 |  1,07116009-9001,0.89041600000,Pérdida de vegetación secundaria
"6",6 |  1,07116012-0004,390.55600000000,Pérdida de vegetación secundaria
"6",6 |  1,07116012-0004,109.56000000000,Pérdida de vegetación secundaria
"6",6 |  1,07116012-0004,0.66141200000,Pérdida de vegetación secundaria
"6",6 |  1,07116012-0004,32.28820000000,Pérdida de vegetación secundaria
"6",6 |  1,07116012-0004,7.31422000000,Pérdida de vegetación secundaria
"6",6 |  1,07116012-0004,78.72000000000,Pérdida de vegetación secundaria
"6",6 |  1,07116010-1006,6.36879000000,Pérdida de vegetación secundaria
"6",6 |  1,07116010-1006,21.88220000000,Pérdida de vegetación secundaria
"6",6 |  1,07116010-1006,99.68180000000,Pérdida de vegetación secundaria
"6",6 |  1,07116010-1006,23.37270000000,Pérdida de vegetación secundaria
"6",6 |  1,07116012-0002,2.60189000000,Pérdida de vegetación secundaria
"6",6 |  1,07116006-5006,11.12840000000,Pérdida de vegetación secundaria
"6",6 |  1,07116011-6012,44.91430000000,Pérdida de vegetación secundaria
"7",7 |  1,07116011-6001,2.34958000000,Pérdida de vegetación secundaria
"13",6 |  2,07116008-4008,26.99770000000,Pérdida de vegetación secundaria
"13",6 |  2,07116012-0005,16.60000000000,Pérdida de vegetación secundaria
"13",6 |  2,07116012-0004,10.95420000000,Pérdida de vegetación secundaria
"20",7 |  3,07116005-0003,1.84177000000,Pérdida de vegetación secundaria
"25",6 |  4,07116011-6009,486.73000000000,Pérdida de vegetación secundaria
"25",6 |  4,07116011-6009,36.78560000000,Pérdida de vegetación secundaria
"25",6 |  4,07116011-6009,253.11300000000,Pérdida de vegetación secundaria
"25",6 |  4,07116011-6009,142.00900000000,Pérdida de vegetación secundaria
"25",6 |  4,07116011-6009,223.73500000000,Pérdida de vegetación secundaria
"25",6 |  4,07116011-6009,6.58128000000,Pérdida de vegetación secundaria
"25",6 |  4,07116008-4008,59.24860000000,Pérdida de vegetación secundaria
"25",6 |  4,07116008-4008,232.64700000000,Pérdida de vegetación secundaria
"25",6 |  4,07116008-4008,6.69246000000,Pérdida de vegetación secundaria
"25",6 |  4,07116006-5007,208.49800000000,Pérdida de vegetación secundaria
"25",6 |  4,07116006-5007,156.37400000000,Pérdida de vegetación secundaria
"25",6 |  4,07116006-5007,0.67845700000,Pérdida de vegetación secundaria
"25",6 |  4,07116005-0003,79.22690000000,Pérdida de vegetación secundaria
"25",6 |  4,07116005-0003,2.40944000000,Pérdida de vegetación secundaria
"25",6 |  4,07116005-0003,3.56520000000,Pérdida de vegetación secundaria
"25",6 |  4,07116005-0003,3.20386000000,Pérdida de vegetación secundaria
"25",6 |  4,07116005-0003,3.06296000000,Pérdida de vegetación secundaria
"25",6 |  4,07116005-0003,49.20970000000,Pérdida de vegetación secundaria
"25",6 |  4,07116005-0007,1134.20000000000,Pérdida de vegetación secundaria
"25",6 |  4,07116007-A006,178.32200000000,Pérdida de vegetación secundaria
"25",6 |  4,07116007-A006,21.84080000000,Pérdida de vegetación secundaria
"25",6 |  4,07116007-A006,5.47046000000,Pérdida de vegetación secundaria
"25",6 |  4,07116007-A006,0.62033300000,Pérdida de vegetación secundaria
"25",6 |  4,07116007-A005,266.46100000000,Pérdida de vegetación secundaria
"25",6 |  4,07116008-4004,701.21200000000,Pérdida de vegetación secundaria
"25",6 |  4,07116008-4004,0.60363900000,Pérdida de vegetación secundaria
"25",6 |  4,07116011-6001,9.97538000000,Pérdida de vegetación secundaria
"25",6 |  4,07116011-6001,39.35850000000,Pérdida de vegetación secundaria
"25",6 |  4,07116004-6001,221.67600000000,Pérdida de vegetación secundaria
"25",6 |  4,07116004-6001,239.86200000000,Pérdida de vegetación secundaria
"25",6 |  4,07116004-6001,2.14602000000,Pérdida de vegetación secundaria
"25",6 |  4,07116004-6001,97.59130000000,Pérdida de vegetación secundaria
"25",6 |  4,07116004-6001,321.09300000000,Pérdida de vegetación secundaria
"25",6 |  4,07116004-6001,2.07749000000,Pérdida de vegetación secundaria
"25",6 |  4,07116004-6001,19.65860000000,Pérdida de vegetación secundaria
"25",6 |  4,07116004-6001,27.48830000000,Pérdida de vegetación secundaria
"25",6 |  4,07116004-6001,43.18160000000,Pérdida de vegetación secundaria
"25",6 |  4,07116004-6001,123.33100000000,Pérdida de vegetación secundaria
"25",6 |  4,07116004-6001,128.61400000000,Pérdida de vegetación secundaria
"25",6 |  4,07116011-6013,0.62223200000,Pérdida de vegetación secundaria
"25",6 |  4,07116011-6013,30.32000000000,Pérdida de vegetación secundaria
"25",6 |  4,07116011-6013,3.88927000000,Pérdida de vegetación secundaria
"25",6 |  4,07116005-0004,3.07491000000,Pérdida de vegetación secundaria
"25",6 |  4,07116010-1007,2.34801000000,Pérdida de vegetación secundaria
"25",6 |  4,07116008-4003,472.49900000000,Pérdida de vegetación secundaria
"25",6 |  4,07116006-5009,143.75600000000,Pérdida de vegetación secundaria
"25",6 |  4,07116006-5009,0.92531000000,Pérdida de vegetación secundaria
"25",6 |  4,07116012-0005,28.27010000000,Pérdida de vegetación secundaria
"25",6 |  4,07116010-1014,231.67500000000,Pérdida de vegetación secundaria
"25",6 |  4,07116012-0001,137.86200000000,Pérdida de vegetación secundaria
"25",6 |  4,07116012-0001,7.34368000000,Pérdida de vegetación secundaria
"25",6 |  4,07116012-0001,5.72210000000,Pérdida de vegetación secundaria
"25",6 |  4,07116012-0001,2.34110000000,Pérdida de vegetación secundaria
"25",6 |  4,07116012-0001,2.99725000000,Pérdida de vegetación secundaria
"25",6 |  4,07116008-4009,8.21531000000,Pérdida de vegetación secundaria
"25",6 |  4,07116008-4009,5.84626000000,Pérdida de vegetación secundaria
"25",6 |  4,07116008-4009,40.54850000000,Pérdida de vegetación secundaria
"25",6 |  4,07116008-4009,49.74100000000,Pérdida de vegetación secundaria
"25",6 |  4,07116008-4009,0.89536600000,Pérdida de vegetación secundaria
"25",6 |  4,07116006-5004,49.46990000000,Pérdida de vegetación secundaria
"25",6 |  4,07116006-5004,192.57700000000,Pérdida de vegetación secundaria
"25",6 |  4,07116008-4007,238.46700000000,Pérdida de vegetación secundaria
"25",6 |  4,07116008-4007,3.40832000000,Pérdida de vegetación secundaria
"25",6 |  4,07116011-6008,10.12730000000,Pérdida de vegetación secundaria
"25",6 |  4,07116011-6008,2.45375000000,Pérdida de vegetación secundaria
"25",6 |  4,07116011-6008,6.88928000000,Pérdida de vegetación secundaria
"25",6 |  4,07116011-6008,0.73759400000,Pérdida de vegetación secundaria
"25",6 |  4,07116009-9001,296.07300000000,Pérdida de vegetación secundaria
"25",6 |  4,07116009-9001,1189.88000000000,Pérdida de vegetación secundaria
"25",6 |  4,07116009-9001,69.33310000000,Pérdida de vegetación secundaria
"25",6 |  4,07116011-6007,4.55850000000,Pérdida de vegetación secundaria
"25",6 |  4,07116007-A003,1098.21000000000,Pérdida de vegetación secundaria
"25",6 |  4,07116007-A003,2.63223000000,Pérdida de vegetación secundaria
"25",6 |  4,07116012-0004,10.22040000000,Pérdida de vegetación secundaria
"25",6 |  4,07116012-0004,776.85700000000,Pérdida de vegetación secundaria
"25",6 |  4,07116012-0004,4.18570000000,Pérdida de vegetación secundaria
"25",6 |  4,07116012-0004,1.97712000000,Pérdida de vegetación secundaria
"25",6 |  4,07116012-0004,2.59014000000,Pérdida de vegetación secundaria
"25",6 |  4,07116009-9002,7.31858000000,Pérdida de vegetación secundaria
"25",6 |  4,07116010-1006,550.14700000000,Pérdida de vegetación secundaria
"25",6 |  4,07116010-1006,7.40200000000,Pérdida de vegetación secundaria
"25",6 |  4,07116010-1006,0.99710700000,Pérdida de vegetación secundaria
"25",6 |  4,07116010-1006,2.75869000000,Pérdida de vegetación secundaria
"25",6 |  4,07116012-0002,3.60604000000,Pérdida de vegetación secundaria
"25",6 |  4,07116012-0002,16.21720000000,Pérdida de vegetación secundaria
"25",6 |  4,07116006-5006,22.10520000000,Pérdida de vegetación secundaria
"25",6 |  4,07116006-5006,8.90433000000,Pérdida de vegetación secundaria
"25",6 |  4,07116006-5006,14.23060000000,Pérdida de vegetación secundaria
"25",6 |  4,07116011-6012,4.40341000000,Pérdida de vegetación secundaria
"25",6 |  4,07116011-6012,1.46548000000,Pérdida de vegetación secundaria
"25",6 |  4,07116011-6012,23.59060000000,Pérdida de vegetación secundaria
"25",6 |  4,07116011-6012,4.98747000000,Pérdida de vegetación secundaria
"25",6 |  4,07116011-6012,49.20460000000,Pérdida de vegetación secundaria
"25",6 |  4,07116011-6012,10.10870000000,Pérdida de vegetación secundaria
"25",6 |  4,07116011-6012,223.69500000000,Pérdida de vegetación secundaria
"25",6 |  4,07116011-6012,146.66400000000,Pérdida de vegetación secundaria
"25",6 |  4,07116011-6012,97.58390000000,Pérdida de vegetación secundaria
"25",6 |  4,07116011-6012,34.99050000000,Pérdida de vegetación secundaria
"25",6 |  4,07116011-6012,44.00050000000,Pérdida de vegetación secundaria
"25",6 |  4,07116011-6012,32.04980000000,Pérdida de vegetación secundaria
"26",7 |  4,07116005-0003,0.50407000000,Pérdida de vegetación secundaria
"26",7 |  4,07116005-0003,106.55700000000,Pérdida de vegetación secundaria
"26",7 |  4,07116009-9001,9.24906000000,Pérdida de vegetación secundaria
"26",7 |  4,07116009-9001,26.12090000000,Pérdida de vegetación secundaria
"28",4 |  5,07116008-4008,0.61877200000,Ganancia de vegetación primaria
"28",4 |  5,07116005-0003,4.67240000000,Ganancia de vegetación primaria
"28",4 |  5,07116005-0003,16.64660000000,Ganancia de vegetación primaria
"28",4 |  5,07116005-0003,6.14145000000,Ganancia de vegetación primaria
"28",4 |  5,07116007-A005,3.34230000000,Ganancia de vegetación primaria
"28",4 |  5,07116007-A005,20.22040000000,Ganancia de vegetación primaria
"28",4 |  5,07116011-6001,16.21780000000,Ganancia de vegetación primaria
"28",4 |  5,07116011-6001,19.62240000000,Ganancia de vegetación primaria
"28",4 |  5,07116011-6001,7.91737000000,Ganancia de vegetación primaria
"28",4 |  5,07116004-6001,9.70366000000,Ganancia de vegetación primaria
"28",4 |  5,07116004-6001,7.14941000000,Ganancia de vegetación primaria
"28",4 |  5,07116004-6001,3.36113000000,Ganancia de vegetación primaria
"28",4 |  5,07116004-6001,25.32360000000,Ganancia de vegetación primaria
"28",4 |  5,07116004-6001,3.22138000000,Ganancia de vegetación primaria
"28",4 |  5,07116004-6001,30.46780000000,Ganancia de vegetación primaria
"28",4 |  5,07116005-0004,11.18860000000,Ganancia de vegetación primaria
"28",4 |  5,07116005-0004,2.96887000000,Ganancia de vegetación primaria
"28",4 |  5,07116006-5009,14.42100000000,Ganancia de vegetación primaria
"28",4 |  5,07116008-4009,1.17635000000,Ganancia de vegetación primaria
"28",4 |  5,07116011-6008,9.84969000000,Ganancia de vegetación primaria
"28",4 |  5,07116011-6008,0.61487000000,Ganancia de vegetación primaria
"28",4 |  5,07116011-6008,128.14100000000,Ganancia de vegetación primaria
"28",4 |  5,07116011-6008,5.50743000000,Ganancia de vegetación primaria
"28",4 |  5,07116012-0004,0.64421400000,Ganancia de vegetación primaria
"28",4 |  5,07116009-9002,1.20235000000,Ganancia de vegetación primaria
"28",4 |  5,07116009-9002,7.95817000000,Ganancia de vegetación primaria
"28",4 |  5,07116009-9002,0.99690800000,Ganancia de vegetación primaria
"28",4 |  5,07116010-1006,9.74300000000,Ganancia de vegetación primaria
"28",4 |  5,07116010-1006,3.76712000000,Ganancia de vegetación primaria
"28",4 |  5,07116010-1006,31.82120000000,Ganancia de vegetación primaria
"28",4 |  5,07116010-1006,77.54880000000,Ganancia de vegetación primaria
"28",4 |  5,07116010-1006,38.42070000000,Ganancia de vegetación primaria
"28",4 |  5,07116010-1006,5.95237000000,Ganancia de vegetación primaria
"28",4 |  5,07116007-A002,2.73740000000,Ganancia de vegetación primaria
"28",4 |  5,07116006-5006,19.63310000000,Ganancia de vegetación primaria
"28",4 |  5,07116006-5006,1.47971000000,Ganancia de vegetación primaria
"28",4 |  5,07116011-6012,1.04802000000,Ganancia de vegetación primaria
"28",4 |  5,07116011-6012,38.14960000000,Ganancia de vegetación primaria
"28",4 |  5,07116011-6012,6.83230000000,Ganancia de vegetación primaria
"28",4 |  5,07116011-6012,16.23930000000,Ganancia de vegetación primaria
"30",6 |  5,07116011-6009,10.52550000000,Ganancia de vegetación primaria
"30",6 |  5,07116011-6009,14.61040000000,Ganancia de vegetación primaria
"30",6 |  5,07116011-6009,2.81817000000,Ganancia de vegetación primaria
"30",6 |  5,07116011-6009,4.44009000000,Ganancia de vegetación primaria
"30",6 |  5,07116008-4008,5.00200000000,Ganancia de vegetación primaria
"30",6 |  5,07116005-0003,8.51227000000,Ganancia de vegetación primaria
"30",6 |  5,07116005-0003,6.64420000000,Ganancia de vegetación primaria
"30",6 |  5,07116005-0003,29.75570000000,Ganancia de vegetación primaria
"30",6 |  5,07116005-0007,8.57096000000,Ganancia de vegetación primaria
"30",6 |  5,07116005-0007,20.64470000000,Ganancia de vegetación primaria
"30",6 |  5,07116005-0007,86.68860000000,Ganancia de vegetación primaria
"30",6 |  5,07116005-0007,5.64260000000,Ganancia de vegetación primaria
"30",6 |  5,07116007-A005,15.28830000000,Ganancia de vegetación primaria
"30",6 |  5,07116011-6001,13.05350000000,Ganancia de vegetación primaria
"30",6 |  5,07116011-6001,15.15140000000,Ganancia de vegetación primaria
"30",6 |  5,07116004-6001,2.81104000000,Ganancia de vegetación primaria
"30",6 |  5,07116004-6001,0.51958800000,Ganancia de vegetación primaria
"30",6 |  5,07116005-0004,307.87900000000,Ganancia de vegetación primaria
"30",6 |  5,07116005-0004,2.27810000000,Ganancia de vegetación primaria
"30",6 |  5,07116010-1007,47.00520000000,Ganancia de vegetación primaria
"30",6 |  5,07116010-1007,10.43720000000,Ganancia de vegetación primaria
"30",6 |  5,07116010-1007,4.68417000000,Ganancia de vegetación primaria
"30",6 |  5,07116010-1007,8.92373000000,Ganancia de vegetación primaria
"30",6 |  5,07116010-1007,17.89490000000,Ganancia de vegetación primaria
"30",6 |  5,07116008-4003,1.57472000000,Ganancia de vegetación primaria
"30",6 |  5,07116008-4003,3.74009000000,Ganancia de vegetación primaria
"30",6 |  5,07116008-4003,6.03664000000,Ganancia de vegetación primaria
"30",6 |  5,07116006-5009,3.71461000000,Ganancia de vegetación primaria
"30",6 |  5,07116006-5009,19.10230000000,Ganancia de vegetación primaria
"30",6 |  5,07116012-0005,8.11556000000,Ganancia de vegetación primaria
"30",6 |  5,07116012-0005,13.68750000000,Ganancia de vegetación primaria
"30",6 |  5,07116010-1014,0.77228900000,Ganancia de vegetación primaria
"30",6 |  5,07116010-1014,5.42652000000,Ganancia de vegetación primaria
"30",6 |  5,07116010-1014,5.49134000000,Ganancia de vegetación primaria
"30",6 |  5,07116010-1014,19.74490000000,Ganancia de vegetación primaria
"30",6 |  5,07116008-4009,3.13235000000,Ganancia de vegetación primaria
"30",6 |  5,07116008-4009,30.84840000000,Ganancia de vegetación primaria
"30",6 |  5,07116006-5004,1.07761000000,Ganancia de vegetación primaria
"30",6 |  5,07116006-5004,8.76241000000,Ganancia de vegetación primaria
"30",6 |  5,07116010-1012,15.53630000000,Ganancia de vegetación primaria
"30",6 |  5,07116010-1012,7.69873000000,Ganancia de vegetación primaria
"30",6 |  5,07116011-6008,3.09932000000,Ganancia de vegetación primaria
"30",6 |  5,07116011-6008,29.40790000000,Ganancia de vegetación primaria
"30",6 |  5,07116011-6008,1.52702000000,Ganancia de vegetación primaria
"30",6 |  5,07116009-9001,21.20950000000,Ganancia de vegetación primaria
"30",6 |  5,07116009-9001,6.23950000000,Ganancia de vegetación primaria
"30",6 |  5,07116009-9001,1.74234000000,Ganancia de vegetación primaria
"30",6 |  5,07116011-6006,6.43759000000,Ganancia de vegetación primaria
"30",6 |  5,07116007-A003,23.64090000000,Ganancia de vegetación primaria
"30",6 |  5,07116012-0004,20.30290000000,Ganancia de vegetación primaria
"30",6 |  5,07116012-0004,1.37840000000,Ganancia de vegetación primaria
"30",6 |  5,07116012-0004,7.68109000000,Ganancia de vegetación primaria
"30",6 |  5,07116012-0004,1.00669000000,Ganancia de vegetación primaria
"30",6 |  5,07116009-9002,1.54331000000,Ganancia de vegetación primaria
"30",6 |  5,07116009-9002,4.67138000000,Ganancia de vegetación primaria
"30",6 |  5,07116011-6011,5.23244000000,Ganancia de vegetación primaria
"30",6 |  5,07116010-1006,55.41340000000,Ganancia de vegetación primaria
"30",6 |  5,07116006-5006,3.37732000000,Ganancia de vegetación primaria
"30",6 |  5,07116011-6012,3.63520000000,Ganancia de vegetación primaria
"30",6 |  5,07116011-6012,6.74466000000,Ganancia de vegetación primaria
"1",1 |  1,07116005-0003,34.70900000000,Actividad antrópica sin cambio
"1",1 |  1,07116009-9001,133.12400000000,Actividad antrópica sin cambio
"1",1 |  1,07116011-6012,172.04500000000,Actividad antrópica sin cambio
"9",2 |  2,07116009-9001,3.59300000000,Actividad antrópica sin cambio
"16",3 |  3,07116005-0003,34.89050000000,Actividad antrópica sin cambio
"16",3 |  3,07116004-6001,0.52912100000,Actividad antrópica sin cambio
"16",3 |  3,07116004-6001,0.59414800000,Actividad antrópica sin cambio
"16",3 |  3,07116004-6001,1.71496000000,Actividad antrópica sin cambio
"16",3 |  3,07116004-6001,10.41300000000,Actividad antrópica sin cambio
"16",3 |  3,07116004-6001,2.89387000000,Actividad antrópica sin cambio
"16",3 |  3,07116004-6001,2.39251000000,Actividad antrópica sin cambio
"16",3 |  3,07116004-6001,1.27745000000,Actividad antrópica sin cambio
"16",3 |  3,07116009-9002,0.86175700000,Actividad antrópica sin cambio
"23",4 |  4,07116011-6009,8.15359000000,Actividad antrópica sin cambio
"23",4 |  4,07116011-6009,40.72860000000,Actividad antrópica sin cambio
"23",4 |  4,07116011-6009,73.09570000000,Actividad antrópica sin cambio
"23",4 |  4,07116011-6009,537.79300000000,Actividad antrópica sin cambio
"23",4 |  4,07116008-4008,13.91430000000,Actividad antrópica sin cambio
"23",4 |  4,07116006-5007,5.39600000000,Actividad antrópica sin cambio
"23",4 |  4,07116007-A001,28.26310000000,Actividad antrópica sin cambio
"23",4 |  4,07116007-A001,11.34050000000,Actividad antrópica sin cambio
"23",4 |  4,07116005-0003,18.19420000000,Actividad antrópica sin cambio
"23",4 |  4,07116005-0003,199.48700000000,Actividad antrópica sin cambio
"23",4 |  4,07116005-0003,1467.55000000000,Actividad antrópica sin cambio
"23",4 |  4,07116005-0003,9.08823000000,Actividad antrópica sin cambio
"23",4 |  4,07116005-0003,12.27650000000,Actividad antrópica sin cambio
"23",4 |  4,07116007-A005,10.33590000000,Actividad antrópica sin cambio
"23",4 |  4,07116007-A005,237.98800000000,Actividad antrópica sin cambio
"23",4 |  4,07116007-A008,12.34920000000,Actividad antrópica sin cambio
"23",4 |  4,07116011-6001,8.81093000000,Actividad antrópica sin cambio
"23",4 |  4,07116011-6001,191.90200000000,Actividad antrópica sin cambio
"23",4 |  4,07116011-6001,168.63500000000,Actividad antrópica sin cambio
"23",4 |  4,07116011-6001,1.23876000000,Actividad antrópica sin cambio
"23",4 |  4,07116004-6001,2761.14000000000,Actividad antrópica sin cambio
"23",4 |  4,07116004-6001,4.40070000000,Actividad antrópica sin cambio
"23",4 |  4,07116004-6001,31.11110000000,Actividad antrópica sin cambio
"23",4 |  4,07116011-6013,187.18400000000,Actividad antrópica sin cambio
"23",4 |  4,07116005-0004,454.20100000000,Actividad antrópica sin cambio
"23",4 |  4,07116008-4003,600.93900000000,Actividad antrópica sin cambio
"23",4 |  4,07116006-5009,92.47990000000,Actividad antrópica sin cambio
"23",4 |  4,07116008-4009,1274.34000000000,Actividad antrópica sin cambio
"23",4 |  4,07116007-A012,1070.99000000000,Actividad antrópica sin cambio
"23",4 |  4,07116011-6008,322.95900000000,Actividad antrópica sin cambio
"23",4 |  4,07116011-6008,19.78320000000,Actividad antrópica sin cambio
"23",4 |  4,07116009-9001,1314.76000000000,Actividad antrópica sin cambio
"23",4 |  4,07116009-9001,144.79700000000,Actividad antrópica sin cambio
"23",4 |  4,07116009-9001,250.51200000000,Actividad antrópica sin cambio
"23",4 |  4,07116009-9001,40.57040000000,Actividad antrópica sin cambio
"23",4 |  4,07116011-6007,897.35600000000,Actividad antrópica sin cambio
"23",4 |  4,07116011-6007,19.90510000000,Actividad antrópica sin cambio
"23",4 |  4,07116011-6007,1.35532000000,Actividad antrópica sin cambio
"23",4 |  4,07116007-A003,308.45200000000,Actividad antrópica sin cambio
"23",4 |  4,07116012-0004,16.63260000000,Actividad antrópica sin cambio
"23",4 |  4,07116012-0004,74.72460000000,Actividad antrópica sin cambio
"23",4 |  4,07116009-9002,833.51300000000,Actividad antrópica sin cambio
"23",4 |  4,07116010-1006,1.75791000000,Actividad antrópica sin cambio
"23",4 |  4,07116010-1006,814.78700000000,Actividad antrópica sin cambio
"23",4 |  4,07116010-1006,98.70400000000,Actividad antrópica sin cambio
"23",4 |  4,07116010-1006,21.77860000000,Actividad antrópica sin cambio
"23",4 |  4,07116010-1006,26.88090000000,Actividad antrópica sin cambio
"23",4 |  4,07116007-A002,238.64200000000,Actividad antrópica sin cambio
"23",4 |  4,07116006-5006,947.38400000000,Actividad antrópica sin cambio
"23",4 |  4,07116006-5006,53.75010000000,Actividad antrópica sin cambio
"23",4 |  4,07116006-5006,1.87188000000,Actividad antrópica sin cambio
"23",4 |  4,07116011-6012,242.81900000000,Actividad antrópica sin cambio
"23",4 |  4,07116011-6012,29.90830000000,Actividad antrópica sin cambio
"23",4 |  4,07116011-6012,1074.53000000000,Actividad antrópica sin cambio
"23",4 |  4,07116011-6012,28.76110000000,Actividad antrópica sin cambio
"23",4 |  4,07116011-6012,20.60460000000,Actividad antrópica sin cambio
"23",4 |  4,07116011-6012,20.33030000000,Actividad antrópica sin cambio
"23",4 |  4,07116011-6012,25.20670000000,Actividad antrópica sin cambio
"23",4 |  4,07116011-6012,68.93490000000,Actividad antrópica sin cambio
"42",7 |  7,07116005-0003,47.30300000000,Actividad antrópica sin cambio
"42",7 |  7,07116004-6001,3.52041000000,Actividad antrópica sin cambio
"42",7 |  7,07116009-9001,70.83270000000,Actividad antrópica sin cambio
"14",1 |  3,07116009-9001,1.19225000000,Ganancia de vegetación secundaria
"14",1 |  3,07116011-6012,0.57619200000,Ganancia de vegetación secundaria
"17",4 |  3,07116005-0003,1.92786000000,Ganancia de vegetación secundaria
"17",4 |  3,07116005-0003,1.45702000000,Ganancia de vegetación secundaria
"17",4 |  3,07116004-6001,4.00997000000,Ganancia de vegetación secundaria
"17",4 |  3,07116011-6007,1.74022000000,Ganancia de vegetación secundaria
"17",4 |  3,07116011-6007,1.66624000000,Ganancia de vegetación secundaria
"17",4 |  3,07116011-6012,0.59977900000,Ganancia de vegetación secundaria
"17",4 |  3,07116011-6012,1.05689000000,Ganancia de vegetación secundaria
"33",1 |  6,07116011-6012,24.28680000000,Ganancia de vegetación secundaria
"34",3 |  6,07116004-6001,5.48383000000,Ganancia de vegetación secundaria
"35",4 |  6,07116011-6009,8.98453000000,Ganancia de vegetación secundaria
"35",4 |  6,07116011-6009,58.72610000000,Ganancia de vegetación secundaria
"35",4 |  6,07116011-6009,72.37920000000,Ganancia de vegetación secundaria
"35",4 |  6,07116011-6009,4.05505000000,Ganancia de vegetación secundaria
"35",4 |  6,07116008-4008,11.98860000000,Ganancia de vegetación secundaria
"35",4 |  6,07116006-5007,2.02696000000,Ganancia de vegetación secundaria
"35",4 |  6,07116005-0003,0.63593900000,Ganancia de vegetación secundaria
"35",4 |  6,07116005-0003,1.22302000000,Ganancia de vegetación secundaria
"35",4 |  6,07116005-0003,37.69170000000,Ganancia de vegetación secundaria
"35",4 |  6,07116005-0003,4.73019000000,Ganancia de vegetación secundaria
"35",4 |  6,07116005-0003,8.79507000000,Ganancia de vegetación secundaria
"35",4 |  6,07116005-0003,15.25770000000,Ganancia de vegetación secundaria
"35",4 |  6,07116005-0003,9.04085000000,Ganancia de vegetación secundaria
"35",4 |  6,07116005-0003,1.37999000000,Ganancia de vegetación secundaria
"35",4 |  6,07116005-0003,3.32663000000,Ganancia de vegetación secundaria
"35",4 |  6,07116005-0003,1.70343000000,Ganancia de vegetación secundaria
"35",4 |  6,07116005-0003,1.71982000000,Ganancia de vegetación secundaria
"35",4 |  6,07116011-6001,2.30159000000,Ganancia de vegetación secundaria
"35",4 |  6,07116011-6001,7.08631000000,Ganancia de vegetación secundaria
"35",4 |  6,07116011-6001,2.51992000000,Ganancia de vegetación secundaria
"35",4 |  6,07116011-6001,15.54500000000,Ganancia de vegetación secundaria
"35",4 |  6,07116011-6001,1.89865000000,Ganancia de vegetación secundaria
"35",4 |  6,07116004-6001,28.37040000000,Ganancia de vegetación secundaria
"35",4 |  6,07116004-6001,8.61382000000,Ganancia de vegetación secundaria
"35",4 |  6,07116004-6001,13.86630000000,Ganancia de vegetación secundaria
"35",4 |  6,07116004-6001,21.35380000000,Ganancia de vegetación secundaria
"35",4 |  6,07116004-6001,1.64457000000,Ganancia de vegetación secundaria
"35",4 |  6,07116004-6001,7.31673000000,Ganancia de vegetación secundaria
"35",4 |  6,07116004-6001,12.75050000000,Ganancia de vegetación secundaria
"35",4 |  6,07116004-6001,6.25868000000,Ganancia de vegetación secundaria
"35",4 |  6,07116008-4003,87.09110000000,Ganancia de vegetación secundaria
"35",4 |  6,07116008-4009,5.95817000000,Ganancia de vegetación secundaria
"35",4 |  6,07116008-4009,24.69850000000,Ganancia de vegetación secundaria
"35",4 |  6,07116007-A012,12.24360000000,Ganancia de vegetación secundaria
"35",4 |  6,07116011-6008,52.44400000000,Ganancia de vegetación secundaria
"35",4 |  6,07116009-9001,8.71710000000,Ganancia de vegetación secundaria
"35",4 |  6,07116009-9001,2.53645000000,Ganancia de vegetación secundaria
"35",4 |  6,07116009-9001,2.73436000000,Ganancia de vegetación secundaria
"35",4 |  6,07116009-9001,20.46230000000,Ganancia de vegetación secundaria
"35",4 |  6,07116011-6007,30.75350000000,Ganancia de vegetación secundaria
"35",4 |  6,07116011-6007,4.32590000000,Ganancia de vegetación secundaria
"35",4 |  6,07116011-6007,45.74870000000,Ganancia de vegetación secundaria
"35",4 |  6,07116007-A003,1.75669000000,Ganancia de vegetación secundaria
"35",4 |  6,07116012-0004,3.68396000000,Ganancia de vegetación secundaria
"35",4 |  6,07116012-0004,3.50021000000,Ganancia de vegetación secundaria
"35",4 |  6,07116010-1006,15.81040000000,Ganancia de vegetación secundaria
"35",4 |  6,07116010-1006,35.43610000000,Ganancia de vegetación secundaria
"35",4 |  6,07116006-5006,15.49770000000,Ganancia de vegetación secundaria
"35",4 |  6,07116006-5006,0.64000000000,Ganancia de vegetación secundaria
"35",4 |  6,07116006-5006,5.42114000000,Ganancia de vegetación secundaria
"35",4 |  6,07116006-5006,10.88460000000,Ganancia de vegetación secundaria
"35",4 |  6,07116011-6012,458.60500000000,Ganancia de vegetación secundaria
"35",4 |  6,07116011-6012,2.53082000000,Ganancia de vegetación secundaria
"35",4 |  6,07116011-6012,0.82960900000,Ganancia de vegetación secundaria
"35",4 |  6,07116011-6012,35.59490000000,Ganancia de vegetación secundaria
"35",4 |  6,07116011-6012,293.67400000000,Ganancia de vegetación secundaria
"35",4 |  6,07116011-6012,0.89738900000,Ganancia de vegetación secundaria
"39",4 |  7,07116009-9001,32.57820000000,Ganancia de vegetación secundaria
"41",6 |  7,07116004-6001,7.24181000000,Ganancia de vegetación secundaria
"11",4 |  2,07116004-6001,71.44490000000,Urbanizacición
"11",4 |  2,07116008-4009,20.77980000000,Urbanizacición
"11",4 |  2,07116009-9002,11.94970000000,Urbanizacición
"11",4 |  2,07116006-5006,32.58950000000,Urbanizacición
"11",4 |  2,07116011-6012,35.19780000000,Urbanizacición
